depth	node	alm	alm_self	regs	regs_self	membits	m10k	dsp	full	entity
0	|sys_top	32088.4	813.5	41193.0	1453.0	4130382	539	61	|sys_top	sys_top
0	|alsa:alsa|	267.3	267.3	551.0	551.0	0	0	0	|sys_top|alsa:alsa	alsa
0	|altddio_out:hdmiclk_ddr|	0.0	0.0	0.0	0.0	0	0	0	|sys_top|altddio_out:hdmiclk_ddr	altddio_out
0	|ddio_out_b2j:auto_generated|	0.0	0.0	0.0	0.0	0	0	0	|sys_top|altddio_out:hdmiclk_ddr|ddio_out_b2j:auto_generated	ddio_out_b2j
0	|altddio_out:vgaclk_ddr|	0.0	0.0	0.0	0.0	0	0	0	|sys_top|altddio_out:vgaclk_ddr	altddio_out
0	|ddio_out_1oj:auto_generated|	0.0	0.0	0.0	0.0	0	0	0	|sys_top|altddio_out:vgaclk_ddr|ddio_out_1oj:auto_generated	ddio_out_1oj
0	|altshift_taps:dv_d1_rtl_0|	3.4	0.0	5.0	0.0	231	2	0	|sys_top|altshift_taps:dv_d1_rtl_0	altshift_taps
0	|shift_taps_ruu:auto_generated|	3.4	0.8	5.0	2.0	231	2	0	|sys_top|altshift_taps:dv_d1_rtl_0|shift_taps_ruu:auto_generated	shift_taps_ruu
0	|altsyncram_or91:altsyncram4|	0.0	0.0	0.0	0.0	231	2	0	|sys_top|altshift_taps:dv_d1_rtl_0|shift_taps_ruu:auto_generated|altsyncram_or91:altsyncram4	altsyncram_or91
0	|cntr_ohf:cntr1|	2.3	2.3	3.0	3.0	0	0	0	|sys_top|altshift_taps:dv_d1_rtl_0|shift_taps_ruu:auto_generated|cntr_ohf:cntr1	cntr_ohf
0	|ascal:ascal|	2107.0	2104.0	4036.0	4032.0	315488	43	23	|sys_top|ascal:ascal	ascal
0	|altshift_taps:o_vpix_inner[2].r_rtl_0|	2.5	0.0	4.0	0.0	96	1	0	|sys_top|ascal:ascal|altshift_taps:o_vpix_inner[2].r_rtl_0	altshift_taps
0	|shift_taps_1gv:auto_generated|	2.5	1.5	4.0	2.0	96	1	0	|sys_top|ascal:ascal|altshift_taps:o_vpix_inner[2].r_rtl_0|shift_taps_1gv:auto_generated	shift_taps_1gv
0	|altsyncram_ar91:altsyncram4|	0.0	0.0	0.0	0.0	96	1	0	|sys_top|ascal:ascal|altshift_taps:o_vpix_inner[2].r_rtl_0|shift_taps_1gv:auto_generated|altsyncram_ar91:altsyncram4	altsyncram_ar91
0	|cntr_phf:cntr1|	1.0	1.0	2.0	2.0	0	0	0	|sys_top|ascal:ascal|altshift_taps:o_vpix_inner[2].r_rtl_0|shift_taps_1gv:auto_generated|cntr_phf:cntr1	cntr_phf
0	|altsyncram:i_dpram_rtl_0|	0.0	0.0	0.0	0.0	4096	4	0	|sys_top|ascal:ascal|altsyncram:i_dpram_rtl_0	altsyncram
0	|altsyncram_79j1:auto_generated|	0.0	0.0	0.0	0.0	4096	4	0	|sys_top|ascal:ascal|altsyncram:i_dpram_rtl_0|altsyncram_79j1:auto_generated	altsyncram_79j1
0	|altsyncram:i_mem[0].r[7]__1|	0.0	0.0	0.0	0.0	49152	5	0	|sys_top|ascal:ascal|altsyncram:i_mem[0].r[7]__1	altsyncram
0	|altsyncram_v8q1:auto_generated|	0.0	0.0	0.0	0.0	49152	5	0	|sys_top|ascal:ascal|altsyncram:i_mem[0].r[7]__1|altsyncram_v8q1:auto_generated	altsyncram_v8q1
0	|altsyncram:o_a_poly_mem_rtl_0|	0.0	0.0	0.0	0.0	10240	1	0	|sys_top|ascal:ascal|altsyncram:o_a_poly_mem_rtl_0	altsyncram
0	|altsyncram_f9j1:auto_generated|	0.0	0.0	0.0	0.0	10240	1	0	|sys_top|ascal:ascal|altsyncram:o_a_poly_mem_rtl_0|altsyncram_f9j1:auto_generated	altsyncram_f9j1
0	|altsyncram:o_dpram_rtl_0|	0.0	0.0	0.0	0.0	4096	4	0	|sys_top|ascal:ascal|altsyncram:o_dpram_rtl_0	altsyncram
0	|altsyncram_q1k1:auto_generated|	0.0	0.0	0.0	0.0	4096	4	0	|sys_top|ascal:ascal|altsyncram:o_dpram_rtl_0|altsyncram_q1k1:auto_generated	altsyncram_q1k1
0	|altsyncram:o_h_poly_mem_rtl_0|	0.0	0.0	0.0	0.0	10240	1	0	|sys_top|ascal:ascal|altsyncram:o_h_poly_mem_rtl_0	altsyncram
0	|altsyncram_f9j1:auto_generated|	0.0	0.0	0.0	0.0	10240	1	0	|sys_top|ascal:ascal|altsyncram:o_h_poly_mem_rtl_0|altsyncram_f9j1:auto_generated	altsyncram_f9j1
0	|altsyncram:o_line0[0].r[7]__2|	0.0	0.0	0.0	0.0	49152	5	0	|sys_top|ascal:ascal|altsyncram:o_line0[0].r[7]__2	altsyncram
0	|altsyncram_3cn1:auto_generated|	0.0	0.0	0.0	0.0	49152	5	0	|sys_top|ascal:ascal|altsyncram:o_line0[0].r[7]__2|altsyncram_3cn1:auto_generated	altsyncram_3cn1
0	|altsyncram:o_line1[0].r[7]__3|	0.0	0.0	0.0	0.0	49152	5	0	|sys_top|ascal:ascal|altsyncram:o_line1[0].r[7]__3	altsyncram
0	|altsyncram_3cn1:auto_generated|	0.0	0.0	0.0	0.0	49152	5	0	|sys_top|ascal:ascal|altsyncram:o_line1[0].r[7]__3|altsyncram_3cn1:auto_generated	altsyncram_3cn1
0	|altsyncram:o_line2[0].r[7]__4|	0.0	0.0	0.0	0.0	49152	5	0	|sys_top|ascal:ascal|altsyncram:o_line2[0].r[7]__4	altsyncram
0	|altsyncram_3cn1:auto_generated|	0.0	0.0	0.0	0.0	49152	5	0	|sys_top|ascal:ascal|altsyncram:o_line2[0].r[7]__4|altsyncram_3cn1:auto_generated	altsyncram_3cn1
0	|altsyncram:o_line3[0].r[7]__5|	0.0	0.0	0.0	0.0	49152	5	0	|sys_top|ascal:ascal|altsyncram:o_line3[0].r[7]__5	altsyncram
0	|altsyncram_3cn1:auto_generated|	0.0	0.0	0.0	0.0	49152	5	0	|sys_top|ascal:ascal|altsyncram:o_line3[0].r[7]__5|altsyncram_3cn1:auto_generated	altsyncram_3cn1
0	|altsyncram:o_linf0[0].r[7]__6|	0.0	0.0	0.0	0.0	6144	1	0	|sys_top|ascal:ascal|altsyncram:o_linf0[0].r[7]__6	altsyncram
0	|altsyncram_d6n1:auto_generated|	0.0	0.0	0.0	0.0	6144	1	0	|sys_top|ascal:ascal|altsyncram:o_linf0[0].r[7]__6|altsyncram_d6n1:auto_generated	altsyncram_d6n1
0	|altsyncram:o_linf1[0].r[7]__7|	0.0	0.0	0.0	0.0	6144	1	0	|sys_top|ascal:ascal|altsyncram:o_linf1[0].r[7]__7	altsyncram
0	|altsyncram_d6n1:auto_generated|	0.0	0.0	0.0	0.0	6144	1	0	|sys_top|ascal:ascal|altsyncram:o_linf1[0].r[7]__7|altsyncram_d6n1:auto_generated	altsyncram_d6n1
0	|altsyncram:o_linf2[0].r[7]__8|	0.0	0.0	0.0	0.0	6144	1	0	|sys_top|ascal:ascal|altsyncram:o_linf2[0].r[7]__8	altsyncram
0	|altsyncram_d6n1:auto_generated|	0.0	0.0	0.0	0.0	6144	1	0	|sys_top|ascal:ascal|altsyncram:o_linf2[0].r[7]__8|altsyncram_d6n1:auto_generated	altsyncram_d6n1
0	|altsyncram:o_linf3[0].r[7]__9|	0.0	0.0	0.0	0.0	6144	1	0	|sys_top|ascal:ascal|altsyncram:o_linf3[0].r[7]__9	altsyncram
0	|altsyncram_d6n1:auto_generated|	0.0	0.0	0.0	0.0	6144	1	0	|sys_top|ascal:ascal|altsyncram:o_linf3[0].r[7]__9|altsyncram_d6n1:auto_generated	altsyncram_d6n1
0	|altsyncram:o_v_poly_mem_rtl_0|	0.0	0.0	0.0	0.0	10240	1	0	|sys_top|ascal:ascal|altsyncram:o_v_poly_mem_rtl_0	altsyncram
0	|altsyncram_f9j1:auto_generated|	0.0	0.0	0.0	0.0	10240	1	0	|sys_top|ascal:ascal|altsyncram:o_v_poly_mem_rtl_0|altsyncram_f9j1:auto_generated	altsyncram_f9j1
0	|altsyncram:pal1_mem_rtl_0|	0.0	0.0	0.0	0.0	6144	2	0	|sys_top|ascal:ascal|altsyncram:pal1_mem_rtl_0	altsyncram
0	|altsyncram_q9j1:auto_generated|	0.0	0.0	0.0	0.0	6144	2	0	|sys_top|ascal:ascal|altsyncram:pal1_mem_rtl_0|altsyncram_q9j1:auto_generated	altsyncram_q9j1
0	|audio_out:audio_out|	934.0	81.0	1062.0	183.0	0	0	8	|sys_top|audio_out:audio_out	audio_out
0	|DC_blocker:dcb_l|	77.5	77.5	68.0	68.0	0	0	0	|sys_top|audio_out:audio_out|DC_blocker:dcb_l	DC_blocker
0	|DC_blocker:dcb_r|	77.6	77.6	68.0	68.0	0	0	0	|sys_top|audio_out:audio_out|DC_blocker:dcb_r	DC_blocker
0	|IIR_filter:IIR_filter|	416.0	38.3	354.0	114.0	0	0	8	|sys_top|audio_out:audio_out|IIR_filter:IIR_filter	IIR_filter
0	|iir_filter_tap:iir_tap_0|	113.0	113.0	80.0	80.0	0	0	2	|sys_top|audio_out:audio_out|IIR_filter:IIR_filter|iir_filter_tap:iir_tap_0	iir_filter_tap
0	|iir_filter_tap:iir_tap_1|	134.6	134.6	80.0	80.0	0	0	2	|sys_top|audio_out:audio_out|IIR_filter:IIR_filter|iir_filter_tap:iir_tap_1	iir_filter_tap
0	|iir_filter_tap:iir_tap_2|	130.1	130.1	80.0	80.0	0	0	2	|sys_top|audio_out:audio_out|IIR_filter:IIR_filter|iir_filter_tap:iir_tap_2	iir_filter_tap
0	|aud_mix_top:audmix_l|	104.0	104.0	120.0	120.0	0	0	0	|sys_top|audio_out:audio_out|aud_mix_top:audmix_l	aud_mix_top
0	|aud_mix_top:audmix_r|	101.6	101.6	123.0	123.0	0	0	0	|sys_top|audio_out:audio_out|aud_mix_top:audmix_r	aud_mix_top
0	|i2s:i2s|	22.7	22.7	44.0	44.0	0	0	0	|sys_top|audio_out:audio_out|i2s:i2s	i2s
0	|sigma_delta_dac:sd_l|	9.8	9.8	20.0	20.0	0	0	0	|sys_top|audio_out:audio_out|sigma_delta_dac:sd_l	sigma_delta_dac
0	|sigma_delta_dac:sd_r|	9.5	9.5	19.0	19.0	0	0	0	|sys_top|audio_out:audio_out|sigma_delta_dac:sd_r	sigma_delta_dac
0	|spdif:toslink|	33.3	33.3	63.0	63.0	0	0	0	|sys_top|audio_out:audio_out|spdif:toslink	spdif
0	|csync:csync_hdmi|	23.7	23.7	57.0	57.0	0	0	0	|sys_top|csync:csync_hdmi	csync
0	|csync:csync_vga|	23.5	23.5	51.0	51.0	0	0	0	|sys_top|csync:csync_vga	csync
0	|ddr_svc:ddr_svc|	35.0	35.0	157.0	157.0	0	0	0	|sys_top|ddr_svc:ddr_svc	ddr_svc
0	|emu:emu|	24915.1	587.5	30207.0	609.0	3745834	480	28	|sys_top|emu:emu	emu
0	|CART:cart|	193.6	109.4	155.0	71.0	8192	1	0	|sys_top|emu:emu|CART:cart	CART
0	|EPPROM_24CXX:E24CXX|	51.0	51.0	45.0	45.0	0	0	0	|sys_top|emu:emu|CART:cart|EPPROM_24CXX:E24CXX	EPPROM_24CXX
0	|spram:eeprom_ram|	33.1	0.0	39.0	0.0	8192	1	0	|sys_top|emu:emu|CART:cart|spram:eeprom_ram	spram
0	|spram_sz:spram_sz|	33.1	0.0	39.0	0.0	8192	1	0	|sys_top|emu:emu|CART:cart|spram:eeprom_ram|spram_sz:spram_sz	spram_sz
0	|altsyncram:altsyncram_component|	33.1	0.0	39.0	0.0	8192	1	0	|sys_top|emu:emu|CART:cart|spram:eeprom_ram|spram_sz:spram_sz|altsyncram:altsyncram_component	altsyncram
0	|altsyncram_3524:auto_generated|	33.1	0.0	39.0	0.0	8192	1	0	|sys_top|emu:emu|CART:cart|spram:eeprom_ram|spram_sz:spram_sz|altsyncram:altsyncram_component|altsyncram_3524:auto_generated	altsyncram_3524
0	|altsyncram_8mv2:altsyncram1|	0.0	0.0	0.0	0.0	8192	1	0	|sys_top|emu:emu|CART:cart|spram:eeprom_ram|spram_sz:spram_sz|altsyncram:altsyncram_component|altsyncram_3524:auto_generated|altsyncram_8mv2:altsyncram1	altsyncram_8mv2
0	|sld_mod_ram_rom:mgl_prim2|	33.1	23.5	39.0	30.0	0	0	0	|sys_top|emu:emu|CART:cart|spram:eeprom_ram|spram_sz:spram_sz|altsyncram:altsyncram_component|altsyncram_3524:auto_generated|sld_mod_ram_rom:mgl_prim2	sld_mod_ram_rom
0	|sld_rom_sr:\ram_rom_logic_gen:name_gen:info_rom_sr|	9.7	9.7	9.0	9.0	0	0	0	|sys_top|emu:emu|CART:cart|spram:eeprom_ram|spram_sz:spram_sz|altsyncram:altsyncram_component|altsyncram_3524:auto_generated|sld_mod_ram_rom:mgl_prim2|sld_rom_sr:\ram_rom_logic_gen:name_gen:info_rom_sr	sld_rom_sr
0	|CEGen:mcd_cegen|	37.0	37.0	35.0	35.0	0	0	0	|sys_top|emu:emu|CEGen:mcd_cegen	CEGen
0	|MCD:MCD|	4758.5	10.7	5655.0	0.0	2308768	285	5	|sys_top|emu:emu|MCD:MCD	MCD
0	|ASIC:ASIC|	1648.4	1648.4	2448.0	2448.0	0	0	0	|sys_top|emu:emu|MCD:MCD|ASIC:ASIC	ASIC
0	|CDC:CDC|	187.1	187.1	277.0	277.0	0	0	0	|sys_top|emu:emu|MCD:MCD|CDC:CDC	CDC
0	|CD_DAC:CD_DAC|	95.4	26.7	180.0	96.0	40960	7	2	|sys_top|emu:emu|MCD:MCD|CD_DAC:CD_DAC	CD_DAC
0	|CDDA_FIFO:FIFO|	27.8	27.8	50.0	50.0	40960	7	0	|sys_top|emu:emu|MCD:MCD|CD_DAC:CD_DAC|CDDA_FIFO:FIFO	CDDA_FIFO
0	|altsyncram:BUFFER_rtl_0|	0.0	0.0	0.0	0.0	40960	7	0	|sys_top|emu:emu|MCD:MCD|CD_DAC:CD_DAC|CDDA_FIFO:FIFO|altsyncram:BUFFER_rtl_0	altsyncram
0	|altsyncram_rbn1:auto_generated|	0.0	0.0	0.0	0.0	40960	7	0	|sys_top|emu:emu|MCD:MCD|CD_DAC:CD_DAC|CDDA_FIFO:FIFO|altsyncram:BUFFER_rtl_0|altsyncram_rbn1:auto_generated	altsyncram_rbn1
0	|CEGen:CEGen|	40.8	40.8	34.0	34.0	0	0	0	|sys_top|emu:emu|MCD:MCD|CD_DAC:CD_DAC|CEGen:CEGen	CEGen
0	|M68K_WRAP:S68K|	1965.3	0.7	1481.0	0.0	39584	6	0	|sys_top|emu:emu|MCD:MCD|M68K_WRAP:S68K	M68K_WRAP
0	|fx68k:P68K|	1964.7	135.1	1481.0	217.0	39584	6	0	|sys_top|emu:emu|MCD:MCD|M68K_WRAP:S68K|fx68k:P68K	fx68k
0	|busArbiter:busArbiter|	0.5	0.5	0.0	0.0	0	0	0	|sys_top|emu:emu|MCD:MCD|M68K_WRAP:S68K|fx68k:P68K|busArbiter:busArbiter	busArbiter
0	|busControl:busControl|	22.0	22.0	19.0	19.0	0	0	0	|sys_top|emu:emu|MCD:MCD|M68K_WRAP:S68K|fx68k:P68K|busControl:busControl	busControl
0	|excUnit:excUnit|	1341.4	1114.8	1175.0	1023.0	0	0	0	|sys_top|emu:emu|MCD:MCD|M68K_WRAP:S68K|fx68k:P68K|excUnit:excUnit	excUnit
0	|dataIo:dataIo|	23.9	23.9	63.0	63.0	0	0	0	|sys_top|emu:emu|MCD:MCD|M68K_WRAP:S68K|fx68k:P68K|excUnit:excUnit|dataIo:dataIo	dataIo
0	|fx68kAlu:alu|	190.9	139.8	89.0	89.0	0	0	0	|sys_top|emu:emu|MCD:MCD|M68K_WRAP:S68K|fx68k:P68K|excUnit:excUnit|fx68kAlu:alu	fx68kAlu
0	|aluCorf:aluCorf|	14.2	14.2	0.0	0.0	0	0	0	|sys_top|emu:emu|MCD:MCD|M68K_WRAP:S68K|fx68k:P68K|excUnit:excUnit|fx68kAlu:alu|aluCorf:aluCorf	aluCorf
0	|aluGetOp:aluGetOp|	10.9	10.9	0.0	0.0	0	0	0	|sys_top|emu:emu|MCD:MCD|M68K_WRAP:S68K|fx68k:P68K|excUnit:excUnit|fx68kAlu:alu|aluGetOp:aluGetOp	aluGetOp
0	|aluShifter:shifter|	2.1	2.1	0.0	0.0	0	0	0	|sys_top|emu:emu|MCD:MCD|M68K_WRAP:S68K|fx68k:P68K|excUnit:excUnit|fx68kAlu:alu|aluShifter:shifter	aluShifter
0	|ccrTable:ccrTable|	4.8	4.8	0.0	0.0	0	0	0	|sys_top|emu:emu|MCD:MCD|M68K_WRAP:S68K|fx68k:P68K|excUnit:excUnit|fx68kAlu:alu|ccrTable:ccrTable	ccrTable
0	|rowDecoder:rowDecoder|	18.0	18.0	0.0	0.0	0	0	0	|sys_top|emu:emu|MCD:MCD|M68K_WRAP:S68K|fx68k:P68K|excUnit:excUnit|fx68kAlu:alu|rowDecoder:rowDecoder	rowDecoder
0	|onehotEncoder4:dcrDecoder|	4.0	4.0	0.0	0.0	0	0	0	|sys_top|emu:emu|MCD:MCD|M68K_WRAP:S68K|fx68k:P68K|excUnit:excUnit|onehotEncoder4:dcrDecoder	onehotEncoder4
0	|pren:rmPren|	7.8	7.8	0.0	0.0	0	0	0	|sys_top|emu:emu|MCD:MCD|M68K_WRAP:S68K|fx68k:P68K|excUnit:excUnit|pren:rmPren	pren
0	|irdDecode:irdDecode|	12.7	11.5	0.0	0.0	0	0	0	|sys_top|emu:emu|MCD:MCD|M68K_WRAP:S68K|fx68k:P68K|irdDecode:irdDecode	irdDecode
0	|onehotEncoder4:irdLines|	1.2	1.2	0.0	0.0	0	0	0	|sys_top|emu:emu|MCD:MCD|M68K_WRAP:S68K|fx68k:P68K|irdDecode:irdDecode|onehotEncoder4:irdLines	onehotEncoder4
0	|microToNanoAddr:microToNanoAddr|	3.3	3.3	0.0	0.0	0	0	0	|sys_top|emu:emu|MCD:MCD|M68K_WRAP:S68K|fx68k:P68K|microToNanoAddr:microToNanoAddr	microToNanoAddr
0	|nDecoder3:nDecoder|	27.3	27.3	56.0	56.0	0	0	0	|sys_top|emu:emu|MCD:MCD|M68K_WRAP:S68K|fx68k:P68K|nDecoder3:nDecoder	nDecoder3
0	|nanoRom:nanoRom|	0.0	0.0	0.0	0.0	22176	4	0	|sys_top|emu:emu|MCD:MCD|M68K_WRAP:S68K|fx68k:P68K|nanoRom:nanoRom	nanoRom
0	|altsyncram:nRam_rtl_0|	0.0	0.0	0.0	0.0	22176	4	0	|sys_top|emu:emu|MCD:MCD|M68K_WRAP:S68K|fx68k:P68K|nanoRom:nanoRom|altsyncram:nRam_rtl_0	altsyncram
0	|altsyncram_p2d1:auto_generated|	0.0	0.0	0.0	0.0	22176	4	0	|sys_top|emu:emu|MCD:MCD|M68K_WRAP:S68K|fx68k:P68K|nanoRom:nanoRom|altsyncram:nRam_rtl_0|altsyncram_p2d1:auto_generated	altsyncram_p2d1
0	|sequencer:sequencer|	38.7	38.7	14.0	14.0	0	0	0	|sys_top|emu:emu|MCD:MCD|M68K_WRAP:S68K|fx68k:P68K|sequencer:sequencer	sequencer
0	|uRom:uRom|	0.0	0.0	0.0	0.0	17408	2	0	|sys_top|emu:emu|MCD:MCD|M68K_WRAP:S68K|fx68k:P68K|uRom:uRom	uRom
0	|altsyncram:uRam_rtl_0|	0.0	0.0	0.0	0.0	17408	2	0	|sys_top|emu:emu|MCD:MCD|M68K_WRAP:S68K|fx68k:P68K|uRom:uRom|altsyncram:uRam_rtl_0	altsyncram
0	|altsyncram_bmc1:auto_generated|	0.0	0.0	0.0	0.0	17408	2	0	|sys_top|emu:emu|MCD:MCD|M68K_WRAP:S68K|fx68k:P68K|uRom:uRom|altsyncram:uRam_rtl_0|altsyncram_bmc1:auto_generated	altsyncram_bmc1
0	|uaddrDecode:uaddrDecode|	383.2	3.8	0.0	0.0	0	0	0	|sys_top|emu:emu|MCD:MCD|M68K_WRAP:S68K|fx68k:P68K|uaddrDecode:uaddrDecode	uaddrDecode
0	|onehotEncoder4:irLineDecod|	1.5	1.5	0.0	0.0	0	0	0	|sys_top|emu:emu|MCD:MCD|M68K_WRAP:S68K|fx68k:P68K|uaddrDecode:uaddrDecode|onehotEncoder4:irLineDecod	onehotEncoder4
0	|pla_lined:pla_lined|	377.8	377.8	0.0	0.0	0	0	0	|sys_top|emu:emu|MCD:MCD|M68K_WRAP:S68K|fx68k:P68K|uaddrDecode:uaddrDecode|pla_lined:pla_lined	pla_lined
0	|PCM:PCM|	492.6	455.6	862.0	828.0	0	0	3	|sys_top|emu:emu|MCD:MCD|PCM:PCM	PCM
0	|CEGen:CEGen|	37.0	37.0	34.0	34.0	0	0	0	|sys_top|emu:emu|MCD:MCD|PCM:PCM|CEGen:CEGen	CEGen
0	|dpram_dif:CDC_RAM|	3.0	0.0	1.0	0.0	131072	16	0	|sys_top|emu:emu|MCD:MCD|dpram_dif:CDC_RAM	dpram_dif
0	|altsyncram:altsyncram_component|	3.0	0.0	1.0	0.0	131072	16	0	|sys_top|emu:emu|MCD:MCD|dpram_dif:CDC_RAM|altsyncram:altsyncram_component	altsyncram
0	|altsyncram_te34:auto_generated|	3.0	0.0	1.0	1.0	131072	16	0	|sys_top|emu:emu|MCD:MCD|dpram_dif:CDC_RAM|altsyncram:altsyncram_component|altsyncram_te34:auto_generated	altsyncram_te34
0	|decode_5la:decode3|	0.7	0.7	0.0	0.0	0	0	0	|sys_top|emu:emu|MCD:MCD|dpram_dif:CDC_RAM|altsyncram:altsyncram_component|altsyncram_te34:auto_generated|decode_5la:decode3	decode_5la
0	|mux_lfb:mux4|	2.0	2.0	0.0	0.0	0	0	0	|sys_top|emu:emu|MCD:MCD|dpram_dif:CDC_RAM|altsyncram:altsyncram_component|altsyncram_te34:auto_generated|mux_lfb:mux4	mux_lfb
0	|pcm_mem:PCM_RAM|	117.8	117.8	281.0	281.0	0	0	0	|sys_top|emu:emu|MCD:MCD|pcm_mem:PCM_RAM	pcm_mem
0	|spram:WORDRAM0|	117.8	0.0	63.0	0.0	1048576	128	0	|sys_top|emu:emu|MCD:MCD|spram:WORDRAM0	spram
0	|spram_sz:spram_sz|	117.8	0.0	63.0	0.0	1048576	128	0	|sys_top|emu:emu|MCD:MCD|spram:WORDRAM0|spram_sz:spram_sz	spram_sz
0	|altsyncram:altsyncram_component|	117.8	0.0	63.0	0.0	1048576	128	0	|sys_top|emu:emu|MCD:MCD|spram:WORDRAM0|spram_sz:spram_sz|altsyncram:altsyncram_component	altsyncram
0	|altsyncram_q824:auto_generated|	117.8	0.0	63.0	0.0	1048576	128	0	|sys_top|emu:emu|MCD:MCD|spram:WORDRAM0|spram_sz:spram_sz|altsyncram:altsyncram_component|altsyncram_q824:auto_generated	altsyncram_q824
0	|altsyncram_mtv2:altsyncram1|	48.3	1.9	7.0	7.0	1048576	128	0	|sys_top|emu:emu|MCD:MCD|spram:WORDRAM0|spram_sz:spram_sz|altsyncram:altsyncram_component|altsyncram_q824:auto_generated|altsyncram_mtv2:altsyncram1	altsyncram_mtv2
0	|decode_dla:decode4|	4.0	4.0	0.0	0.0	0	0	0	|sys_top|emu:emu|MCD:MCD|spram:WORDRAM0|spram_sz:spram_sz|altsyncram:altsyncram_component|altsyncram_q824:auto_generated|altsyncram_mtv2:altsyncram1|decode_dla:decode4	decode_dla
0	|decode_dla:decode5|	4.0	4.0	0.0	0.0	0	0	0	|sys_top|emu:emu|MCD:MCD|spram:WORDRAM0|spram_sz:spram_sz|altsyncram:altsyncram_component|altsyncram_q824:auto_generated|altsyncram_mtv2:altsyncram1|decode_dla:decode5	decode_dla
0	|mux_chb:mux6|	38.3	38.3	0.0	0.0	0	0	0	|sys_top|emu:emu|MCD:MCD|spram:WORDRAM0|spram_sz:spram_sz|altsyncram:altsyncram_component|altsyncram_q824:auto_generated|altsyncram_mtv2:altsyncram1|mux_chb:mux6	mux_chb
0	|sld_mod_ram_rom:mgl_prim2|	69.6	59.6	56.0	45.0	0	0	0	|sys_top|emu:emu|MCD:MCD|spram:WORDRAM0|spram_sz:spram_sz|altsyncram:altsyncram_component|altsyncram_q824:auto_generated|sld_mod_ram_rom:mgl_prim2	sld_mod_ram_rom
0	|sld_rom_sr:\ram_rom_logic_gen:name_gen:info_rom_sr|	10.0	10.0	11.0	11.0	0	0	0	|sys_top|emu:emu|MCD:MCD|spram:WORDRAM0|spram_sz:spram_sz|altsyncram:altsyncram_component|altsyncram_q824:auto_generated|sld_mod_ram_rom:mgl_prim2|sld_rom_sr:\ram_rom_logic_gen:name_gen:info_rom_sr	sld_rom_sr
0	|spram:WORDRAM1|	120.3	0.0	62.0	0.0	1048576	128	0	|sys_top|emu:emu|MCD:MCD|spram:WORDRAM1	spram
0	|spram_sz:spram_sz|	120.3	0.0	62.0	0.0	1048576	128	0	|sys_top|emu:emu|MCD:MCD|spram:WORDRAM1|spram_sz:spram_sz	spram_sz
0	|altsyncram:altsyncram_component|	120.3	0.0	62.0	0.0	1048576	128	0	|sys_top|emu:emu|MCD:MCD|spram:WORDRAM1|spram_sz:spram_sz|altsyncram:altsyncram_component	altsyncram
0	|altsyncram_q824:auto_generated|	120.3	0.0	62.0	0.0	1048576	128	0	|sys_top|emu:emu|MCD:MCD|spram:WORDRAM1|spram_sz:spram_sz|altsyncram:altsyncram_component|altsyncram_q824:auto_generated	altsyncram_q824
0	|altsyncram_mtv2:altsyncram1|	47.8	2.1	7.0	7.0	1048576	128	0	|sys_top|emu:emu|MCD:MCD|spram:WORDRAM1|spram_sz:spram_sz|altsyncram:altsyncram_component|altsyncram_q824:auto_generated|altsyncram_mtv2:altsyncram1	altsyncram_mtv2
0	|decode_dla:decode4|	3.8	3.8	0.0	0.0	0	0	0	|sys_top|emu:emu|MCD:MCD|spram:WORDRAM1|spram_sz:spram_sz|altsyncram:altsyncram_component|altsyncram_q824:auto_generated|altsyncram_mtv2:altsyncram1|decode_dla:decode4	decode_dla
0	|decode_dla:decode5|	3.3	3.3	0.0	0.0	0	0	0	|sys_top|emu:emu|MCD:MCD|spram:WORDRAM1|spram_sz:spram_sz|altsyncram:altsyncram_component|altsyncram_q824:auto_generated|altsyncram_mtv2:altsyncram1|decode_dla:decode5	decode_dla
0	|mux_chb:mux6|	37.5	37.5	0.0	0.0	0	0	0	|sys_top|emu:emu|MCD:MCD|spram:WORDRAM1|spram_sz:spram_sz|altsyncram:altsyncram_component|altsyncram_q824:auto_generated|altsyncram_mtv2:altsyncram1|mux_chb:mux6	mux_chb
0	|sld_mod_ram_rom:mgl_prim2|	71.5	61.3	55.0	45.0	0	0	0	|sys_top|emu:emu|MCD:MCD|spram:WORDRAM1|spram_sz:spram_sz|altsyncram:altsyncram_component|altsyncram_q824:auto_generated|sld_mod_ram_rom:mgl_prim2	sld_mod_ram_rom
0	|sld_rom_sr:\ram_rom_logic_gen:name_gen:info_rom_sr|	10.2	10.2	10.0	10.0	0	0	0	|sys_top|emu:emu|MCD:MCD|spram:WORDRAM1|spram_sz:spram_sz|altsyncram:altsyncram_component|altsyncram_q824:auto_generated|sld_mod_ram_rom:mgl_prim2|sld_rom_sr:\ram_rom_logic_gen:name_gen:info_rom_sr	sld_rom_sr
0	|S32X:S32X|	8967.2	59.3	8526.0	8.0	104448	14	12	|sys_top|emu:emu|S32X:S32X	S32X
0	|S32X_IF:s32x_if|	698.7	698.7	853.0	853.0	34816	5	0	|sys_top|emu:emu|S32X:S32X|S32X_IF:s32x_if	S32X_IF
0	|MDROM:mdrom|	0.0	0.0	0.0	0.0	2048	1	0	|sys_top|emu:emu|S32X:S32X|S32X_IF:s32x_if|MDROM:mdrom	MDROM
0	|altsyncram:altsyncram_component|	0.0	0.0	0.0	0.0	2048	1	0	|sys_top|emu:emu|S32X:S32X|S32X_IF:s32x_if|MDROM:mdrom|altsyncram:altsyncram_component	altsyncram
0	|altsyncram_m6p1:auto_generated|	0.0	0.0	0.0	0.0	2048	1	0	|sys_top|emu:emu|S32X:S32X|S32X_IF:s32x_if|MDROM:mdrom|altsyncram:altsyncram_component|altsyncram_m6p1:auto_generated	altsyncram_m6p1
0	|SHROM:shrom|	0.0	0.0	0.0	0.0	32768	4	0	|sys_top|emu:emu|S32X:S32X|S32X_IF:s32x_if|SHROM:shrom	SHROM
0	|altsyncram:altsyncram_component|	0.0	0.0	0.0	0.0	32768	4	0	|sys_top|emu:emu|S32X:S32X|S32X_IF:s32x_if|SHROM:shrom|altsyncram:altsyncram_component	altsyncram
0	|altsyncram_e1h1:auto_generated|	0.0	0.0	0.0	0.0	32768	4	0	|sys_top|emu:emu|S32X:S32X|S32X_IF:s32x_if|SHROM:shrom|altsyncram:altsyncram_component|altsyncram_e1h1:auto_generated	altsyncram_e1h1
0	|S32X_VDP:S32X_VDP|	240.7	209.7	263.0	241.0	4096	1	0	|sys_top|emu:emu|S32X:S32X|S32X_VDP:S32X_VDP	S32X_VDP
0	|VDPFIFO:fifo|	31.0	0.0	22.0	0.0	0	0	0	|sys_top|emu:emu|S32X:S32X|S32X_VDP:S32X_VDP|VDPFIFO:fifo	VDPFIFO
0	|scfifo:scfifo_component|	31.0	0.0	22.0	0.0	0	0	0	|sys_top|emu:emu|S32X:S32X|S32X_VDP:S32X_VDP|VDPFIFO:fifo|scfifo:scfifo_component	scfifo
0	|scfifo_erd1:auto_generated|	31.0	0.0	22.0	0.0	0	0	0	|sys_top|emu:emu|S32X:S32X|S32X_VDP:S32X_VDP|VDPFIFO:fifo|scfifo:scfifo_component|scfifo_erd1:auto_generated	scfifo_erd1
0	|a_dpfifo_d1c1:dpfifo|	31.0	6.8	22.0	11.0	0	0	0	|sys_top|emu:emu|S32X:S32X|S32X_VDP:S32X_VDP|VDPFIFO:fifo|scfifo:scfifo_component|scfifo_erd1:auto_generated|a_dpfifo_d1c1:dpfifo	a_dpfifo_d1c1
0	|altsyncram_etj1:FIFOram|	20.3	20.3	3.0	3.0	0	0	0	|sys_top|emu:emu|S32X:S32X|S32X_VDP:S32X_VDP|VDPFIFO:fifo|scfifo:scfifo_component|scfifo_erd1:auto_generated|a_dpfifo_d1c1:dpfifo|altsyncram_etj1:FIFOram	altsyncram_etj1
0	|cntr_d2b:rd_ptr_msb|	1.0	1.0	2.0	2.0	0	0	0	|sys_top|emu:emu|S32X:S32X|S32X_VDP:S32X_VDP|VDPFIFO:fifo|scfifo:scfifo_component|scfifo_erd1:auto_generated|a_dpfifo_d1c1:dpfifo|cntr_d2b:rd_ptr_msb	cntr_d2b
0	|cntr_e2b:wr_ptr|	1.5	1.5	3.0	3.0	0	0	0	|sys_top|emu:emu|S32X:S32X|S32X_VDP:S32X_VDP|VDPFIFO:fifo|scfifo:scfifo_component|scfifo_erd1:auto_generated|a_dpfifo_d1c1:dpfifo|cntr_e2b:wr_ptr	cntr_e2b
0	|cntr_q27:usedw_counter|	1.5	1.5	3.0	3.0	0	0	0	|sys_top|emu:emu|S32X:S32X|S32X_VDP:S32X_VDP|VDPFIFO:fifo|scfifo:scfifo_component|scfifo_erd1:auto_generated|a_dpfifo_d1c1:dpfifo|cntr_q27:usedw_counter	cntr_q27
0	|VDPPAL:pal|	0.0	0.0	0.0	0.0	4096	1	0	|sys_top|emu:emu|S32X:S32X|S32X_VDP:S32X_VDP|VDPPAL:pal	VDPPAL
0	|altsyncram:altsyncram_component|	0.0	0.0	0.0	0.0	4096	1	0	|sys_top|emu:emu|S32X:S32X|S32X_VDP:S32X_VDP|VDPPAL:pal|altsyncram:altsyncram_component	altsyncram
0	|altsyncram_bln2:auto_generated|	0.0	0.0	0.0	0.0	4096	1	0	|sys_top|emu:emu|S32X:S32X|S32X_VDP:S32X_VDP|VDPPAL:pal|altsyncram:altsyncram_component|altsyncram_bln2:auto_generated	altsyncram_bln2
0	|SH7604:MSH|	3991.2	137.8	3680.0	26.0	32768	4	6	|sys_top|emu:emu|S32X:S32X|SH7604:MSH	SH7604
0	|SH7604_BSC:bsc|	171.9	171.9	225.0	225.0	0	0	0	|sys_top|emu:emu|S32X:S32X|SH7604:MSH|SH7604_BSC:bsc	SH7604_BSC
0	|SH7604_CACHE:cache|	699.7	533.9	474.0	474.0	32768	4	0	|sys_top|emu:emu|S32X:S32X|SH7604:MSH|SH7604_CACHE:cache	SH7604_CACHE
0	|CACHE_LRU:lru_a|	20.0	0.0	0.0	0.0	0	0	0	|sys_top|emu:emu|S32X:S32X|SH7604:MSH|SH7604_CACHE:cache|CACHE_LRU:lru_a	CACHE_LRU
0	|altdpram:altdpram_component|	20.0	0.0	0.0	0.0	0	0	0	|sys_top|emu:emu|S32X:S32X|SH7604:MSH|SH7604_CACHE:cache|CACHE_LRU:lru_a|altdpram:altdpram_component	altdpram
0	|dpram_ko12:auto_generated|	20.0	20.0	0.0	0.0	0	0	0	|sys_top|emu:emu|S32X:S32X|SH7604:MSH|SH7604_CACHE:cache|CACHE_LRU:lru_a|altdpram:altdpram_component|dpram_ko12:auto_generated	dpram_ko12
0	|CACHE_LRU:lru_b|	22.0	0.0	0.0	0.0	0	0	0	|sys_top|emu:emu|S32X:S32X|SH7604:MSH|SH7604_CACHE:cache|CACHE_LRU:lru_b	CACHE_LRU
0	|altdpram:altdpram_component|	22.0	0.0	0.0	0.0	0	0	0	|sys_top|emu:emu|S32X:S32X|SH7604:MSH|SH7604_CACHE:cache|CACHE_LRU:lru_b|altdpram:altdpram_component	altdpram
0	|dpram_ko12:auto_generated|	22.0	20.0	0.0	0.0	0	0	0	|sys_top|emu:emu|S32X:S32X|SH7604:MSH|SH7604_CACHE:cache|CACHE_LRU:lru_b|altdpram:altdpram_component|dpram_ko12:auto_generated	dpram_ko12
0	|decode_5la:wr_decode|	0.0	0.0	0.0	0.0	0	0	0	|sys_top|emu:emu|S32X:S32X|SH7604:MSH|SH7604_CACHE:cache|CACHE_LRU:lru_b|altdpram:altdpram_component|dpram_ko12:auto_generated|decode_5la:wr_decode	decode_5la
0	|mux_jfb:rd_mux|	2.0	2.0	0.0	0.0	0	0	0	|sys_top|emu:emu|S32X:S32X|SH7604:MSH|SH7604_CACHE:cache|CACHE_LRU:lru_b|altdpram:altdpram_component|dpram_ko12:auto_generated|mux_jfb:rd_mux	mux_jfb
0	|CACHE_RAM:ram0|	0.0	0.0	0.0	0.0	8192	1	0	|sys_top|emu:emu|S32X:S32X|SH7604:MSH|SH7604_CACHE:cache|CACHE_RAM:ram0	CACHE_RAM
0	|altsyncram:altsyncram_component|	0.0	0.0	0.0	0.0	8192	1	0	|sys_top|emu:emu|S32X:S32X|SH7604:MSH|SH7604_CACHE:cache|CACHE_RAM:ram0|altsyncram:altsyncram_component	altsyncram
0	|altsyncram_fhq1:auto_generated|	0.0	0.0	0.0	0.0	8192	1	0	|sys_top|emu:emu|S32X:S32X|SH7604:MSH|SH7604_CACHE:cache|CACHE_RAM:ram0|altsyncram:altsyncram_component|altsyncram_fhq1:auto_generated	altsyncram_fhq1
0	|CACHE_RAM:ram1|	0.0	0.0	0.0	0.0	8192	1	0	|sys_top|emu:emu|S32X:S32X|SH7604:MSH|SH7604_CACHE:cache|CACHE_RAM:ram1	CACHE_RAM
0	|altsyncram:altsyncram_component|	0.0	0.0	0.0	0.0	8192	1	0	|sys_top|emu:emu|S32X:S32X|SH7604:MSH|SH7604_CACHE:cache|CACHE_RAM:ram1|altsyncram:altsyncram_component	altsyncram
0	|altsyncram_fhq1:auto_generated|	0.0	0.0	0.0	0.0	8192	1	0	|sys_top|emu:emu|S32X:S32X|SH7604:MSH|SH7604_CACHE:cache|CACHE_RAM:ram1|altsyncram:altsyncram_component|altsyncram_fhq1:auto_generated	altsyncram_fhq1
0	|CACHE_RAM:ram2|	0.0	0.0	0.0	0.0	8192	1	0	|sys_top|emu:emu|S32X:S32X|SH7604:MSH|SH7604_CACHE:cache|CACHE_RAM:ram2	CACHE_RAM
0	|altsyncram:altsyncram_component|	0.0	0.0	0.0	0.0	8192	1	0	|sys_top|emu:emu|S32X:S32X|SH7604:MSH|SH7604_CACHE:cache|CACHE_RAM:ram2|altsyncram:altsyncram_component	altsyncram
0	|altsyncram_fhq1:auto_generated|	0.0	0.0	0.0	0.0	8192	1	0	|sys_top|emu:emu|S32X:S32X|SH7604:MSH|SH7604_CACHE:cache|CACHE_RAM:ram2|altsyncram:altsyncram_component|altsyncram_fhq1:auto_generated	altsyncram_fhq1
0	|CACHE_RAM:ram3|	0.0	0.0	0.0	0.0	8192	1	0	|sys_top|emu:emu|S32X:S32X|SH7604:MSH|SH7604_CACHE:cache|CACHE_RAM:ram3	CACHE_RAM
0	|altsyncram:altsyncram_component|	0.0	0.0	0.0	0.0	8192	1	0	|sys_top|emu:emu|S32X:S32X|SH7604:MSH|SH7604_CACHE:cache|CACHE_RAM:ram3|altsyncram:altsyncram_component	altsyncram
0	|altsyncram_fhq1:auto_generated|	0.0	0.0	0.0	0.0	8192	1	0	|sys_top|emu:emu|S32X:S32X|SH7604:MSH|SH7604_CACHE:cache|CACHE_RAM:ram3|altsyncram:altsyncram_component|altsyncram_fhq1:auto_generated	altsyncram_fhq1
0	|CACHE_TAG:tag0|	31.0	0.0	0.0	0.0	0	0	0	|sys_top|emu:emu|S32X:S32X|SH7604:MSH|SH7604_CACHE:cache|CACHE_TAG:tag0	CACHE_TAG
0	|altdpram:altdpram_component|	31.0	0.0	0.0	0.0	0	0	0	|sys_top|emu:emu|S32X:S32X|SH7604:MSH|SH7604_CACHE:cache|CACHE_TAG:tag0|altdpram:altdpram_component	altdpram
0	|dpram_0q12:auto_generated|	31.0	20.0	0.0	0.0	0	0	0	|sys_top|emu:emu|S32X:S32X|SH7604:MSH|SH7604_CACHE:cache|CACHE_TAG:tag0|altdpram:altdpram_component|dpram_0q12:auto_generated	dpram_0q12
0	|decode_5la:wr_decode|	0.7	0.7	0.0	0.0	0	0	0	|sys_top|emu:emu|S32X:S32X|SH7604:MSH|SH7604_CACHE:cache|CACHE_TAG:tag0|altdpram:altdpram_component|dpram_0q12:auto_generated|decode_5la:wr_decode	decode_5la
0	|mux_vgb:rd_mux|	10.4	10.4	0.0	0.0	0	0	0	|sys_top|emu:emu|S32X:S32X|SH7604:MSH|SH7604_CACHE:cache|CACHE_TAG:tag0|altdpram:altdpram_component|dpram_0q12:auto_generated|mux_vgb:rd_mux	mux_vgb
0	|CACHE_TAG:tag1|	30.4	0.0	0.0	0.0	0	0	0	|sys_top|emu:emu|S32X:S32X|SH7604:MSH|SH7604_CACHE:cache|CACHE_TAG:tag1	CACHE_TAG
0	|altdpram:altdpram_component|	30.4	0.0	0.0	0.0	0	0	0	|sys_top|emu:emu|S32X:S32X|SH7604:MSH|SH7604_CACHE:cache|CACHE_TAG:tag1|altdpram:altdpram_component	altdpram
0	|dpram_0q12:auto_generated|	30.4	20.0	0.0	0.0	0	0	0	|sys_top|emu:emu|S32X:S32X|SH7604:MSH|SH7604_CACHE:cache|CACHE_TAG:tag1|altdpram:altdpram_component|dpram_0q12:auto_generated	dpram_0q12
0	|decode_5la:wr_decode|	0.5	0.5	0.0	0.0	0	0	0	|sys_top|emu:emu|S32X:S32X|SH7604:MSH|SH7604_CACHE:cache|CACHE_TAG:tag1|altdpram:altdpram_component|dpram_0q12:auto_generated|decode_5la:wr_decode	decode_5la
0	|mux_vgb:rd_mux|	9.7	9.7	0.0	0.0	0	0	0	|sys_top|emu:emu|S32X:S32X|SH7604:MSH|SH7604_CACHE:cache|CACHE_TAG:tag1|altdpram:altdpram_component|dpram_0q12:auto_generated|mux_vgb:rd_mux	mux_vgb
0	|CACHE_TAG:tag2|	31.3	0.0	0.0	0.0	0	0	0	|sys_top|emu:emu|S32X:S32X|SH7604:MSH|SH7604_CACHE:cache|CACHE_TAG:tag2	CACHE_TAG
0	|altdpram:altdpram_component|	31.3	0.0	0.0	0.0	0	0	0	|sys_top|emu:emu|S32X:S32X|SH7604:MSH|SH7604_CACHE:cache|CACHE_TAG:tag2|altdpram:altdpram_component	altdpram
0	|dpram_0q12:auto_generated|	31.3	20.0	0.0	0.0	0	0	0	|sys_top|emu:emu|S32X:S32X|SH7604:MSH|SH7604_CACHE:cache|CACHE_TAG:tag2|altdpram:altdpram_component|dpram_0q12:auto_generated	dpram_0q12
0	|decode_5la:wr_decode|	1.0	1.0	0.0	0.0	0	0	0	|sys_top|emu:emu|S32X:S32X|SH7604:MSH|SH7604_CACHE:cache|CACHE_TAG:tag2|altdpram:altdpram_component|dpram_0q12:auto_generated|decode_5la:wr_decode	decode_5la
0	|mux_vgb:rd_mux|	10.3	10.3	0.0	0.0	0	0	0	|sys_top|emu:emu|S32X:S32X|SH7604:MSH|SH7604_CACHE:cache|CACHE_TAG:tag2|altdpram:altdpram_component|dpram_0q12:auto_generated|mux_vgb:rd_mux	mux_vgb
0	|CACHE_TAG:tag3|	30.4	0.0	0.0	0.0	0	0	0	|sys_top|emu:emu|S32X:S32X|SH7604:MSH|SH7604_CACHE:cache|CACHE_TAG:tag3	CACHE_TAG
0	|altdpram:altdpram_component|	30.4	0.0	0.0	0.0	0	0	0	|sys_top|emu:emu|S32X:S32X|SH7604:MSH|SH7604_CACHE:cache|CACHE_TAG:tag3|altdpram:altdpram_component	altdpram
0	|dpram_0q12:auto_generated|	30.4	20.0	0.0	0.0	0	0	0	|sys_top|emu:emu|S32X:S32X|SH7604:MSH|SH7604_CACHE:cache|CACHE_TAG:tag3|altdpram:altdpram_component|dpram_0q12:auto_generated	dpram_0q12
0	|decode_5la:wr_decode|	0.5	0.5	0.0	0.0	0	0	0	|sys_top|emu:emu|S32X:S32X|SH7604:MSH|SH7604_CACHE:cache|CACHE_TAG:tag3|altdpram:altdpram_component|dpram_0q12:auto_generated|decode_5la:wr_decode	decode_5la
0	|mux_vgb:rd_mux|	9.9	9.9	0.0	0.0	0	0	0	|sys_top|emu:emu|S32X:S32X|SH7604:MSH|SH7604_CACHE:cache|CACHE_TAG:tag3|altdpram:altdpram_component|dpram_0q12:auto_generated|mux_vgb:rd_mux	mux_vgb
0	|SH7604_DIVU:divu|	288.5	288.5	398.0	398.0	0	0	0	|sys_top|emu:emu|S32X:S32X|SH7604:MSH|SH7604_DIVU:divu	SH7604_DIVU
0	|SH7604_DMAC:dmac|	374.6	374.6	436.0	436.0	0	0	0	|sys_top|emu:emu|S32X:S32X|SH7604:MSH|SH7604_DMAC:dmac	SH7604_DMAC
0	|SH7604_FRT:frt|	89.7	89.7	103.0	103.0	0	0	0	|sys_top|emu:emu|S32X:S32X|SH7604:MSH|SH7604_FRT:frt	SH7604_FRT
0	|SH7604_INTC:intc|	148.2	148.2	152.0	152.0	0	0	0	|sys_top|emu:emu|S32X:S32X|SH7604:MSH|SH7604_INTC:intc	SH7604_INTC
0	|SH7604_MSBY:msby|	1.8	1.8	1.0	1.0	0	0	0	|sys_top|emu:emu|S32X:S32X|SH7604:MSH|SH7604_MSBY:msby	SH7604_MSBY
0	|SH7604_MULT:mult|	281.3	281.3	379.0	379.0	0	0	6	|sys_top|emu:emu|S32X:S32X|SH7604:MSH|SH7604_MULT:mult	SH7604_MULT
0	|SH7604_SCI:sci|	99.3	99.3	126.0	126.0	0	0	0	|sys_top|emu:emu|S32X:S32X|SH7604:MSH|SH7604_SCI:sci	SH7604_SCI
0	|SH7604_UBC:UBC|	92.5	92.5	249.0	249.0	0	0	0	|sys_top|emu:emu|S32X:S32X|SH7604:MSH|SH7604_UBC:UBC	SH7604_UBC
0	|SH7604_WDT:wdt|	28.5	28.5	32.0	32.0	0	0	0	|sys_top|emu:emu|S32X:S32X|SH7604:MSH|SH7604_WDT:wdt	SH7604_WDT
0	|SH_core:core|	1575.9	1480.2	1079.0	969.0	0	0	0	|sys_top|emu:emu|S32X:S32X|SH7604:MSH|SH_core:core	SH_core
0	|SH2_regfile:regfile|	95.6	55.6	110.0	110.0	0	0	0	|sys_top|emu:emu|S32X:S32X|SH7604:MSH|SH_core:core|SH2_regfile:regfile	SH2_regfile
0	|SH_regram:regramA|	20.0	0.0	0.0	0.0	0	0	0	|sys_top|emu:emu|S32X:S32X|SH7604:MSH|SH_core:core|SH2_regfile:regfile|SH_regram:regramA	SH_regram
0	|altdpram:altdpram_component|	20.0	0.0	0.0	0.0	0	0	0	|sys_top|emu:emu|S32X:S32X|SH7604:MSH|SH_core:core|SH2_regfile:regfile|SH_regram:regramA|altdpram:altdpram_component	altdpram
0	|dpram_1q12:auto_generated|	20.0	20.0	0.0	0.0	0	0	0	|sys_top|emu:emu|S32X:S32X|SH7604:MSH|SH_core:core|SH2_regfile:regfile|SH_regram:regramA|altdpram:altdpram_component|dpram_1q12:auto_generated	dpram_1q12
0	|SH_regram:regramB|	20.0	0.0	0.0	0.0	0	0	0	|sys_top|emu:emu|S32X:S32X|SH7604:MSH|SH_core:core|SH2_regfile:regfile|SH_regram:regramB	SH_regram
0	|altdpram:altdpram_component|	20.0	0.0	0.0	0.0	0	0	0	|sys_top|emu:emu|S32X:S32X|SH7604:MSH|SH_core:core|SH2_regfile:regfile|SH_regram:regramB|altdpram:altdpram_component	altdpram
0	|dpram_1q12:auto_generated|	20.0	20.0	0.0	0.0	0	0	0	|sys_top|emu:emu|S32X:S32X|SH7604:MSH|SH_core:core|SH2_regfile:regfile|SH_regram:regramB|altdpram:altdpram_component|dpram_1q12:auto_generated	dpram_1q12
0	|SH7604:SSH|	3975.2	109.0	3722.0	29.0	32768	4	6	|sys_top|emu:emu|S32X:S32X|SH7604:SSH	SH7604
0	|SH7604_BSC:bsc|	188.9	188.9	234.0	234.0	0	0	0	|sys_top|emu:emu|S32X:S32X|SH7604:SSH|SH7604_BSC:bsc	SH7604_BSC
0	|SH7604_CACHE:cache|	692.6	523.1	476.0	476.0	32768	4	0	|sys_top|emu:emu|S32X:S32X|SH7604:SSH|SH7604_CACHE:cache	SH7604_CACHE
0	|CACHE_LRU:lru_a|	20.0	0.0	0.0	0.0	0	0	0	|sys_top|emu:emu|S32X:S32X|SH7604:SSH|SH7604_CACHE:cache|CACHE_LRU:lru_a	CACHE_LRU
0	|altdpram:altdpram_component|	20.0	0.0	0.0	0.0	0	0	0	|sys_top|emu:emu|S32X:S32X|SH7604:SSH|SH7604_CACHE:cache|CACHE_LRU:lru_a|altdpram:altdpram_component	altdpram
0	|dpram_ko12:auto_generated|	20.0	20.0	0.0	0.0	0	0	0	|sys_top|emu:emu|S32X:S32X|SH7604:SSH|SH7604_CACHE:cache|CACHE_LRU:lru_a|altdpram:altdpram_component|dpram_ko12:auto_generated	dpram_ko12
0	|CACHE_LRU:lru_b|	23.3	0.0	0.0	0.0	0	0	0	|sys_top|emu:emu|S32X:S32X|SH7604:SSH|SH7604_CACHE:cache|CACHE_LRU:lru_b	CACHE_LRU
0	|altdpram:altdpram_component|	23.3	0.0	0.0	0.0	0	0	0	|sys_top|emu:emu|S32X:S32X|SH7604:SSH|SH7604_CACHE:cache|CACHE_LRU:lru_b|altdpram:altdpram_component	altdpram
0	|dpram_ko12:auto_generated|	23.3	20.0	0.0	0.0	0	0	0	|sys_top|emu:emu|S32X:S32X|SH7604:SSH|SH7604_CACHE:cache|CACHE_LRU:lru_b|altdpram:altdpram_component|dpram_ko12:auto_generated	dpram_ko12
0	|decode_5la:wr_decode|	0.8	0.8	0.0	0.0	0	0	0	|sys_top|emu:emu|S32X:S32X|SH7604:SSH|SH7604_CACHE:cache|CACHE_LRU:lru_b|altdpram:altdpram_component|dpram_ko12:auto_generated|decode_5la:wr_decode	decode_5la
0	|mux_jfb:rd_mux|	2.5	2.5	0.0	0.0	0	0	0	|sys_top|emu:emu|S32X:S32X|SH7604:SSH|SH7604_CACHE:cache|CACHE_LRU:lru_b|altdpram:altdpram_component|dpram_ko12:auto_generated|mux_jfb:rd_mux	mux_jfb
0	|CACHE_RAM:ram0|	0.0	0.0	0.0	0.0	8192	1	0	|sys_top|emu:emu|S32X:S32X|SH7604:SSH|SH7604_CACHE:cache|CACHE_RAM:ram0	CACHE_RAM
0	|altsyncram:altsyncram_component|	0.0	0.0	0.0	0.0	8192	1	0	|sys_top|emu:emu|S32X:S32X|SH7604:SSH|SH7604_CACHE:cache|CACHE_RAM:ram0|altsyncram:altsyncram_component	altsyncram
0	|altsyncram_fhq1:auto_generated|	0.0	0.0	0.0	0.0	8192	1	0	|sys_top|emu:emu|S32X:S32X|SH7604:SSH|SH7604_CACHE:cache|CACHE_RAM:ram0|altsyncram:altsyncram_component|altsyncram_fhq1:auto_generated	altsyncram_fhq1
0	|CACHE_RAM:ram1|	0.0	0.0	0.0	0.0	8192	1	0	|sys_top|emu:emu|S32X:S32X|SH7604:SSH|SH7604_CACHE:cache|CACHE_RAM:ram1	CACHE_RAM
0	|altsyncram:altsyncram_component|	0.0	0.0	0.0	0.0	8192	1	0	|sys_top|emu:emu|S32X:S32X|SH7604:SSH|SH7604_CACHE:cache|CACHE_RAM:ram1|altsyncram:altsyncram_component	altsyncram
0	|altsyncram_fhq1:auto_generated|	0.0	0.0	0.0	0.0	8192	1	0	|sys_top|emu:emu|S32X:S32X|SH7604:SSH|SH7604_CACHE:cache|CACHE_RAM:ram1|altsyncram:altsyncram_component|altsyncram_fhq1:auto_generated	altsyncram_fhq1
0	|CACHE_RAM:ram2|	0.0	0.0	0.0	0.0	8192	1	0	|sys_top|emu:emu|S32X:S32X|SH7604:SSH|SH7604_CACHE:cache|CACHE_RAM:ram2	CACHE_RAM
0	|altsyncram:altsyncram_component|	0.0	0.0	0.0	0.0	8192	1	0	|sys_top|emu:emu|S32X:S32X|SH7604:SSH|SH7604_CACHE:cache|CACHE_RAM:ram2|altsyncram:altsyncram_component	altsyncram
0	|altsyncram_fhq1:auto_generated|	0.0	0.0	0.0	0.0	8192	1	0	|sys_top|emu:emu|S32X:S32X|SH7604:SSH|SH7604_CACHE:cache|CACHE_RAM:ram2|altsyncram:altsyncram_component|altsyncram_fhq1:auto_generated	altsyncram_fhq1
0	|CACHE_RAM:ram3|	0.0	0.0	0.0	0.0	8192	1	0	|sys_top|emu:emu|S32X:S32X|SH7604:SSH|SH7604_CACHE:cache|CACHE_RAM:ram3	CACHE_RAM
0	|altsyncram:altsyncram_component|	0.0	0.0	0.0	0.0	8192	1	0	|sys_top|emu:emu|S32X:S32X|SH7604:SSH|SH7604_CACHE:cache|CACHE_RAM:ram3|altsyncram:altsyncram_component	altsyncram
0	|altsyncram_fhq1:auto_generated|	0.0	0.0	0.0	0.0	8192	1	0	|sys_top|emu:emu|S32X:S32X|SH7604:SSH|SH7604_CACHE:cache|CACHE_RAM:ram3|altsyncram:altsyncram_component|altsyncram_fhq1:auto_generated	altsyncram_fhq1
0	|CACHE_TAG:tag0|	30.2	0.0	0.0	0.0	0	0	0	|sys_top|emu:emu|S32X:S32X|SH7604:SSH|SH7604_CACHE:cache|CACHE_TAG:tag0	CACHE_TAG
0	|altdpram:altdpram_component|	30.2	0.0	0.0	0.0	0	0	0	|sys_top|emu:emu|S32X:S32X|SH7604:SSH|SH7604_CACHE:cache|CACHE_TAG:tag0|altdpram:altdpram_component	altdpram
0	|dpram_0q12:auto_generated|	30.2	20.0	0.0	0.0	0	0	0	|sys_top|emu:emu|S32X:S32X|SH7604:SSH|SH7604_CACHE:cache|CACHE_TAG:tag0|altdpram:altdpram_component|dpram_0q12:auto_generated	dpram_0q12
0	|decode_5la:wr_decode|	0.7	0.7	0.0	0.0	0	0	0	|sys_top|emu:emu|S32X:S32X|SH7604:SSH|SH7604_CACHE:cache|CACHE_TAG:tag0|altdpram:altdpram_component|dpram_0q12:auto_generated|decode_5la:wr_decode	decode_5la
0	|mux_vgb:rd_mux|	9.5	9.5	0.0	0.0	0	0	0	|sys_top|emu:emu|S32X:S32X|SH7604:SSH|SH7604_CACHE:cache|CACHE_TAG:tag0|altdpram:altdpram_component|dpram_0q12:auto_generated|mux_vgb:rd_mux	mux_vgb
0	|CACHE_TAG:tag1|	30.9	0.0	0.0	0.0	0	0	0	|sys_top|emu:emu|S32X:S32X|SH7604:SSH|SH7604_CACHE:cache|CACHE_TAG:tag1	CACHE_TAG
0	|altdpram:altdpram_component|	30.9	0.0	0.0	0.0	0	0	0	|sys_top|emu:emu|S32X:S32X|SH7604:SSH|SH7604_CACHE:cache|CACHE_TAG:tag1|altdpram:altdpram_component	altdpram
0	|dpram_0q12:auto_generated|	30.9	20.0	0.0	0.0	0	0	0	|sys_top|emu:emu|S32X:S32X|SH7604:SSH|SH7604_CACHE:cache|CACHE_TAG:tag1|altdpram:altdpram_component|dpram_0q12:auto_generated	dpram_0q12
0	|decode_5la:wr_decode|	0.5	0.5	0.0	0.0	0	0	0	|sys_top|emu:emu|S32X:S32X|SH7604:SSH|SH7604_CACHE:cache|CACHE_TAG:tag1|altdpram:altdpram_component|dpram_0q12:auto_generated|decode_5la:wr_decode	decode_5la
0	|mux_vgb:rd_mux|	10.4	10.4	0.0	0.0	0	0	0	|sys_top|emu:emu|S32X:S32X|SH7604:SSH|SH7604_CACHE:cache|CACHE_TAG:tag1|altdpram:altdpram_component|dpram_0q12:auto_generated|mux_vgb:rd_mux	mux_vgb
0	|CACHE_TAG:tag2|	30.3	0.0	0.0	0.0	0	0	0	|sys_top|emu:emu|S32X:S32X|SH7604:SSH|SH7604_CACHE:cache|CACHE_TAG:tag2	CACHE_TAG
0	|altdpram:altdpram_component|	30.3	0.0	0.0	0.0	0	0	0	|sys_top|emu:emu|S32X:S32X|SH7604:SSH|SH7604_CACHE:cache|CACHE_TAG:tag2|altdpram:altdpram_component	altdpram
0	|dpram_0q12:auto_generated|	30.3	20.0	0.0	0.0	0	0	0	|sys_top|emu:emu|S32X:S32X|SH7604:SSH|SH7604_CACHE:cache|CACHE_TAG:tag2|altdpram:altdpram_component|dpram_0q12:auto_generated	dpram_0q12
0	|decode_5la:wr_decode|	0.3	0.3	0.0	0.0	0	0	0	|sys_top|emu:emu|S32X:S32X|SH7604:SSH|SH7604_CACHE:cache|CACHE_TAG:tag2|altdpram:altdpram_component|dpram_0q12:auto_generated|decode_5la:wr_decode	decode_5la
0	|mux_vgb:rd_mux|	10.0	10.0	0.0	0.0	0	0	0	|sys_top|emu:emu|S32X:S32X|SH7604:SSH|SH7604_CACHE:cache|CACHE_TAG:tag2|altdpram:altdpram_component|dpram_0q12:auto_generated|mux_vgb:rd_mux	mux_vgb
0	|CACHE_TAG:tag3|	31.5	0.0	0.0	0.0	0	0	0	|sys_top|emu:emu|S32X:S32X|SH7604:SSH|SH7604_CACHE:cache|CACHE_TAG:tag3	CACHE_TAG
0	|altdpram:altdpram_component|	31.5	0.0	0.0	0.0	0	0	0	|sys_top|emu:emu|S32X:S32X|SH7604:SSH|SH7604_CACHE:cache|CACHE_TAG:tag3|altdpram:altdpram_component	altdpram
0	|dpram_0q12:auto_generated|	31.5	20.0	0.0	0.0	0	0	0	|sys_top|emu:emu|S32X:S32X|SH7604:SSH|SH7604_CACHE:cache|CACHE_TAG:tag3|altdpram:altdpram_component|dpram_0q12:auto_generated	dpram_0q12
0	|decode_5la:wr_decode|	0.8	0.8	0.0	0.0	0	0	0	|sys_top|emu:emu|S32X:S32X|SH7604:SSH|SH7604_CACHE:cache|CACHE_TAG:tag3|altdpram:altdpram_component|dpram_0q12:auto_generated|decode_5la:wr_decode	decode_5la
0	|mux_vgb:rd_mux|	10.6	10.6	0.0	0.0	0	0	0	|sys_top|emu:emu|S32X:S32X|SH7604:SSH|SH7604_CACHE:cache|CACHE_TAG:tag3|altdpram:altdpram_component|dpram_0q12:auto_generated|mux_vgb:rd_mux	mux_vgb
0	|SH7604_DIVU:divu|	290.6	290.6	401.0	401.0	0	0	0	|sys_top|emu:emu|S32X:S32X|SH7604:SSH|SH7604_DIVU:divu	SH7604_DIVU
0	|SH7604_DMAC:dmac|	379.5	379.5	432.0	432.0	0	0	0	|sys_top|emu:emu|S32X:S32X|SH7604:SSH|SH7604_DMAC:dmac	SH7604_DMAC
0	|SH7604_FRT:frt|	86.6	86.6	99.0	99.0	0	0	0	|sys_top|emu:emu|S32X:S32X|SH7604:SSH|SH7604_FRT:frt	SH7604_FRT
0	|SH7604_INTC:intc|	152.1	152.1	148.0	148.0	0	0	0	|sys_top|emu:emu|S32X:S32X|SH7604:SSH|SH7604_INTC:intc	SH7604_INTC
0	|SH7604_MSBY:msby|	5.0	5.0	1.0	1.0	0	0	0	|sys_top|emu:emu|S32X:S32X|SH7604:SSH|SH7604_MSBY:msby	SH7604_MSBY
0	|SH7604_MULT:mult|	281.4	281.4	378.0	378.0	0	0	6	|sys_top|emu:emu|S32X:S32X|SH7604:SSH|SH7604_MULT:mult	SH7604_MULT
0	|SH7604_SCI:sci|	97.7	97.7	128.0	128.0	0	0	0	|sys_top|emu:emu|S32X:S32X|SH7604:SSH|SH7604_SCI:sci	SH7604_SCI
0	|SH7604_UBC:UBC|	90.7	90.7	249.0	249.0	0	0	0	|sys_top|emu:emu|S32X:S32X|SH7604:SSH|SH7604_UBC:UBC	SH7604_UBC
0	|SH7604_WDT:wdt|	28.2	28.2	30.0	30.0	0	0	0	|sys_top|emu:emu|S32X:S32X|SH7604:SSH|SH7604_WDT:wdt	SH7604_WDT
0	|SH_core:core|	1572.4	1477.9	1117.0	1003.0	0	0	0	|sys_top|emu:emu|S32X:S32X|SH7604:SSH|SH_core:core	SH_core
0	|SH2_regfile:regfile|	94.6	54.6	114.0	114.0	0	0	0	|sys_top|emu:emu|S32X:S32X|SH7604:SSH|SH_core:core|SH2_regfile:regfile	SH2_regfile
0	|SH_regram:regramA|	20.0	0.0	0.0	0.0	0	0	0	|sys_top|emu:emu|S32X:S32X|SH7604:SSH|SH_core:core|SH2_regfile:regfile|SH_regram:regramA	SH_regram
0	|altdpram:altdpram_component|	20.0	0.0	0.0	0.0	0	0	0	|sys_top|emu:emu|S32X:S32X|SH7604:SSH|SH_core:core|SH2_regfile:regfile|SH_regram:regramA|altdpram:altdpram_component	altdpram
0	|dpram_1q12:auto_generated|	20.0	20.0	0.0	0.0	0	0	0	|sys_top|emu:emu|S32X:S32X|SH7604:SSH|SH_core:core|SH2_regfile:regfile|SH_regram:regramA|altdpram:altdpram_component|dpram_1q12:auto_generated	dpram_1q12
0	|SH_regram:regramB|	20.0	0.0	0.0	0.0	0	0	0	|sys_top|emu:emu|S32X:S32X|SH7604:SSH|SH_core:core|SH2_regfile:regfile|SH_regram:regramB	SH_regram
0	|altdpram:altdpram_component|	20.0	0.0	0.0	0.0	0	0	0	|sys_top|emu:emu|S32X:S32X|SH7604:SSH|SH_core:core|SH2_regfile:regfile|SH_regram:regramB|altdpram:altdpram_component	altdpram
0	|dpram_1q12:auto_generated|	20.0	20.0	0.0	0.0	0	0	0	|sys_top|emu:emu|S32X:S32X|SH7604:SSH|SH_core:core|SH2_regfile:regfile|SH_regram:regramB|altdpram:altdpram_component|dpram_1q12:auto_generated	dpram_1q12
0	|audio_fix:audio_fix|	25.5	25.5	51.0	51.0	0	0	0	|sys_top|emu:emu|audio_fix:audio_fix	audio_fix
0	|cofi:coffee|	28.8	28.8	49.0	49.0	0	0	0	|sys_top|emu:emu|cofi:coffee	cofi
0	|dpram_dif:bram|	0.0	0.0	0.0	0.0	65536	8	0	|sys_top|emu:emu|dpram_dif:bram	dpram_dif
0	|altsyncram:altsyncram_component|	0.0	0.0	0.0	0.0	65536	8	0	|sys_top|emu:emu|dpram_dif:bram|altsyncram:altsyncram_component	altsyncram
0	|altsyncram_8d34:auto_generated|	0.0	0.0	0.0	0.0	65536	8	0	|sys_top|emu:emu|dpram_dif:bram|altsyncram:altsyncram_component|altsyncram_8d34:auto_generated	altsyncram_8d34
0	|dpram_dif:tmpram|	0.0	0.0	0.0	0.0	4096	1	0	|sys_top|emu:emu|dpram_dif:tmpram	dpram_dif
0	|altsyncram:altsyncram_component|	0.0	0.0	0.0	0.0	4096	1	0	|sys_top|emu:emu|dpram_dif:tmpram|altsyncram:altsyncram_component	altsyncram
0	|altsyncram_0734:auto_generated|	0.0	0.0	0.0	0.0	4096	1	0	|sys_top|emu:emu|dpram_dif:tmpram|altsyncram:altsyncram_component|altsyncram_0734:auto_generated	altsyncram_0734
0	|gen:gen|	6867.1	155.4	9949.0	35.0	1163658	154	11	|sys_top|emu:emu|gen:gen	gen
0	|BA:ba|	223.0	223.0	201.0	201.0	0	0	0	|sys_top|emu:emu|gen:gen|BA:ba	BA
0	|SND_MIX:mix|	9.4	9.4	0.0	0.0	0	0	0	|sys_top|emu:emu|gen:gen|SND_MIX:mix	SND_MIX
0	|T80pa:Z80|	1054.5	31.0	428.0	28.0	0	0	0	|sys_top|emu:emu|gen:gen|T80pa:Z80	T80pa
0	|T80:u0|	1023.5	487.3	400.0	259.0	0	0	0	|sys_top|emu:emu|gen:gen|T80pa:Z80|T80:u0	T80
0	|T80_ALU:alu|	86.5	86.5	0.0	0.0	0	0	0	|sys_top|emu:emu|gen:gen|T80pa:Z80|T80:u0|T80_ALU:alu	T80_ALU
0	|T80_MCode:mcode|	306.8	306.8	0.0	0.0	0	0	0	|sys_top|emu:emu|gen:gen|T80pa:Z80|T80:u0|T80_MCode:mcode	T80_MCode
0	|T80_Reg:Regs|	136.7	136.7	141.0	141.0	0	0	0	|sys_top|emu:emu|gen:gen|T80pa:Z80|T80:u0|T80_Reg:Regs	T80_Reg
0	|VDP:vdp|	1237.4	964.8	1910.0	1910.0	3968	7	0	|sys_top|emu:emu|gen:gen|VDP:vdp	VDP
0	|dpram:CRAM|	0.0	0.0	0.0	0.0	576	1	0	|sys_top|emu:emu|gen:gen|VDP:vdp|dpram:CRAM	dpram
0	|dpram_dif:ram|	0.0	0.0	0.0	0.0	576	1	0	|sys_top|emu:emu|gen:gen|VDP:vdp|dpram:CRAM|dpram_dif:ram	dpram_dif
0	|altsyncram:altsyncram_component|	0.0	0.0	0.0	0.0	576	1	0	|sys_top|emu:emu|gen:gen|VDP:vdp|dpram:CRAM|dpram_dif:ram|altsyncram:altsyncram_component	altsyncram
0	|altsyncram_d234:auto_generated|	0.0	0.0	0.0	0.0	576	1	0	|sys_top|emu:emu|gen:gen|VDP:vdp|dpram:CRAM|dpram_dif:ram|altsyncram:altsyncram_component|altsyncram_d234:auto_generated	altsyncram_d234
0	|dpram_dif:VSRAM|	0.0	0.0	0.0	0.0	704	2	0	|sys_top|emu:emu|gen:gen|VDP:vdp|dpram_dif:VSRAM	dpram_dif
0	|altsyncram:altsyncram_component|	0.0	0.0	0.0	0.0	704	2	0	|sys_top|emu:emu|gen:gen|VDP:vdp|dpram_dif:VSRAM|altsyncram:altsyncram_component	altsyncram
0	|altsyncram_r434:auto_generated|	0.0	0.0	0.0	0.0	704	2	0	|sys_top|emu:emu|gen:gen|VDP:vdp|dpram_dif:VSRAM|altsyncram:altsyncram_component|altsyncram_r434:auto_generated	altsyncram_r434
0	|mlab:obj_line|	199.0	0.0	0.0	0.0	0	0	0	|sys_top|emu:emu|gen:gen|VDP:vdp|mlab:obj_line	mlab
0	|altdpram:altdpram_component|	199.0	0.0	0.0	0.0	0	0	0	|sys_top|emu:emu|gen:gen|VDP:vdp|mlab:obj_line|altdpram:altdpram_component	altdpram
0	|dpram_ou82:auto_generated|	199.0	160.0	0.0	0.0	0	0	0	|sys_top|emu:emu|gen:gen|VDP:vdp|mlab:obj_line|altdpram:altdpram_component|dpram_ou82:auto_generated	dpram_ou82
0	|decode_tma:wr_decode|	8.0	8.0	0.0	0.0	0	0	0	|sys_top|emu:emu|gen:gen|VDP:vdp|mlab:obj_line|altdpram:altdpram_component|dpram_ou82:auto_generated|decode_tma:wr_decode	decode_tma
0	|mux_dhb:rd_mux|	30.5	30.5	0.0	0.0	0	0	0	|sys_top|emu:emu|gen:gen|VDP:vdp|mlab:obj_line|altdpram:altdpram_component|dpram_ou82:auto_generated|mux_dhb:rd_mux	mux_dhb
0	|mlab:obj_spinfo|	46.7	0.0	0.0	0.0	0	0	0	|sys_top|emu:emu|gen:gen|VDP:vdp|mlab:obj_spinfo	mlab
0	|altdpram:altdpram_component|	46.7	0.0	0.0	0.0	0	0	0	|sys_top|emu:emu|gen:gen|VDP:vdp|mlab:obj_spinfo|altdpram:altdpram_component	altdpram
0	|dpram_5092:auto_generated|	46.7	40.0	0.0	0.0	0	0	0	|sys_top|emu:emu|gen:gen|VDP:vdp|mlab:obj_spinfo|altdpram:altdpram_component|dpram_5092:auto_generated	dpram_5092
0	|decode_5la:wr_decode|	0.6	0.6	0.0	0.0	0	0	0	|sys_top|emu:emu|gen:gen|VDP:vdp|mlab:obj_spinfo|altdpram:altdpram_component|dpram_5092:auto_generated|decode_5la:wr_decode	decode_5la
0	|mux_5hb:rd_mux|	6.1	6.1	0.0	0.0	0	0	0	|sys_top|emu:emu|gen:gen|VDP:vdp|mlab:obj_spinfo|altdpram:altdpram_component|dpram_5092:auto_generated|mux_5hb:rd_mux	mux_5hb
0	|mlab:obj_visinfo|	20.7	0.0	0.0	0.0	0	0	0	|sys_top|emu:emu|gen:gen|VDP:vdp|mlab:obj_visinfo	mlab
0	|altdpram:altdpram_component|	20.7	0.0	0.0	0.0	0	0	0	|sys_top|emu:emu|gen:gen|VDP:vdp|mlab:obj_visinfo|altdpram:altdpram_component	altdpram
0	|dpram_ku82:auto_generated|	20.7	20.0	0.0	0.0	0	0	0	|sys_top|emu:emu|gen:gen|VDP:vdp|mlab:obj_visinfo|altdpram:altdpram_component|dpram_ku82:auto_generated	dpram_ku82
0	|decode_5la:wr_decode|	0.7	0.7	0.0	0.0	0	0	0	|sys_top|emu:emu|gen:gen|VDP:vdp|mlab:obj_visinfo|altdpram:altdpram_component|dpram_ku82:auto_generated|decode_5la:wr_decode	decode_5la
0	|obj_cache:OBJ_CACHE|	5.3	5.3	0.0	0.0	2688	4	0	|sys_top|emu:emu|gen:gen|VDP:vdp|obj_cache:OBJ_CACHE	obj_cache
0	|dpram_dif:ram0|	0.0	0.0	0.0	0.0	1024	1	0	|sys_top|emu:emu|gen:gen|VDP:vdp|obj_cache:OBJ_CACHE|dpram_dif:ram0	dpram_dif
0	|altsyncram:altsyncram_component|	0.0	0.0	0.0	0.0	1024	1	0	|sys_top|emu:emu|gen:gen|VDP:vdp|obj_cache:OBJ_CACHE|dpram_dif:ram0|altsyncram:altsyncram_component	altsyncram
0	|altsyncram_f534:auto_generated|	0.0	0.0	0.0	0.0	1024	1	0	|sys_top|emu:emu|gen:gen|VDP:vdp|obj_cache:OBJ_CACHE|dpram_dif:ram0|altsyncram:altsyncram_component|altsyncram_f534:auto_generated	altsyncram_f534
0	|dpram_dif:ram1|	0.0	0.0	0.0	0.0	256	1	0	|sys_top|emu:emu|gen:gen|VDP:vdp|obj_cache:OBJ_CACHE|dpram_dif:ram1	dpram_dif
0	|altsyncram:altsyncram_component|	0.0	0.0	0.0	0.0	256	1	0	|sys_top|emu:emu|gen:gen|VDP:vdp|obj_cache:OBJ_CACHE|dpram_dif:ram1|altsyncram:altsyncram_component	altsyncram
0	|altsyncram_f534:auto_generated|	0.0	0.0	0.0	0.0	256	1	0	|sys_top|emu:emu|gen:gen|VDP:vdp|obj_cache:OBJ_CACHE|dpram_dif:ram1|altsyncram:altsyncram_component|altsyncram_f534:auto_generated	altsyncram_f534
0	|dpram_dif:ram2|	0.0	0.0	0.0	0.0	896	1	0	|sys_top|emu:emu|gen:gen|VDP:vdp|obj_cache:OBJ_CACHE|dpram_dif:ram2	dpram_dif
0	|altsyncram:altsyncram_component|	0.0	0.0	0.0	0.0	896	1	0	|sys_top|emu:emu|gen:gen|VDP:vdp|obj_cache:OBJ_CACHE|dpram_dif:ram2|altsyncram:altsyncram_component	altsyncram
0	|altsyncram_f534:auto_generated|	0.0	0.0	0.0	0.0	896	1	0	|sys_top|emu:emu|gen:gen|VDP:vdp|obj_cache:OBJ_CACHE|dpram_dif:ram2|altsyncram:altsyncram_component|altsyncram_f534:auto_generated	altsyncram_f534
0	|dpram_dif:ram3|	0.0	0.0	0.0	0.0	512	1	0	|sys_top|emu:emu|gen:gen|VDP:vdp|obj_cache:OBJ_CACHE|dpram_dif:ram3	dpram_dif
0	|altsyncram:altsyncram_component|	0.0	0.0	0.0	0.0	512	1	0	|sys_top|emu:emu|gen:gen|VDP:vdp|obj_cache:OBJ_CACHE|dpram_dif:ram3|altsyncram:altsyncram_component	altsyncram
0	|altsyncram_f534:auto_generated|	0.0	0.0	0.0	0.0	512	1	0	|sys_top|emu:emu|gen:gen|VDP:vdp|obj_cache:OBJ_CACHE|dpram_dif:ram3|altsyncram:altsyncram_component|altsyncram_f534:auto_generated	altsyncram_f534
0	|dpram:ram68k_l|	10.2	0.0	2.0	0.0	262144	32	0	|sys_top|emu:emu|gen:gen|dpram:ram68k_l	dpram
0	|dpram_dif:ram|	10.2	0.0	2.0	0.0	262144	32	0	|sys_top|emu:emu|gen:gen|dpram:ram68k_l|dpram_dif:ram	dpram_dif
0	|altsyncram:altsyncram_component|	10.2	0.0	2.0	0.0	262144	32	0	|sys_top|emu:emu|gen:gen|dpram:ram68k_l|dpram_dif:ram|altsyncram:altsyncram_component	altsyncram
0	|altsyncram_bf34:auto_generated|	10.2	0.8	2.0	2.0	262144	32	0	|sys_top|emu:emu|gen:gen|dpram:ram68k_l|dpram_dif:ram|altsyncram:altsyncram_component|altsyncram_bf34:auto_generated	altsyncram_bf34
0	|decode_8la:decode2|	2.0	2.0	0.0	0.0	0	0	0	|sys_top|emu:emu|gen:gen|dpram:ram68k_l|dpram_dif:ram|altsyncram:altsyncram_component|altsyncram_bf34:auto_generated|decode_8la:decode2	decode_8la
0	|decode_8la:decode3|	2.0	2.0	0.0	0.0	0	0	0	|sys_top|emu:emu|gen:gen|dpram:ram68k_l|dpram_dif:ram|altsyncram:altsyncram_component|altsyncram_bf34:auto_generated|decode_8la:decode3	decode_8la
0	|mux_ofb:mux4|	5.0	5.0	0.0	0.0	0	0	0	|sys_top|emu:emu|gen:gen|dpram:ram68k_l|dpram_dif:ram|altsyncram:altsyncram_component|altsyncram_bf34:auto_generated|mux_ofb:mux4	mux_ofb
0	|dpram:ram68k_u|	2.9	0.0	3.0	0.0	262144	32	0	|sys_top|emu:emu|gen:gen|dpram:ram68k_u	dpram
0	|dpram_dif:ram|	2.9	0.0	3.0	0.0	262144	32	0	|sys_top|emu:emu|gen:gen|dpram:ram68k_u|dpram_dif:ram	dpram_dif
0	|altsyncram:altsyncram_component|	2.9	0.0	3.0	0.0	262144	32	0	|sys_top|emu:emu|gen:gen|dpram:ram68k_u|dpram_dif:ram|altsyncram:altsyncram_component	altsyncram
0	|altsyncram_bf34:auto_generated|	2.9	0.8	3.0	3.0	262144	32	0	|sys_top|emu:emu|gen:gen|dpram:ram68k_u|dpram_dif:ram|altsyncram:altsyncram_component|altsyncram_bf34:auto_generated	altsyncram_bf34
0	|decode_8la:decode2|	1.8	1.8	0.0	0.0	0	0	0	|sys_top|emu:emu|gen:gen|dpram:ram68k_u|dpram_dif:ram|altsyncram:altsyncram_component|altsyncram_bf34:auto_generated|decode_8la:decode2	decode_8la
0	|dpram:ramZ80|	0.0	0.0	0.0	0.0	65536	8	0	|sys_top|emu:emu|gen:gen|dpram:ramZ80	dpram
0	|dpram_dif:ram|	0.0	0.0	0.0	0.0	65536	8	0	|sys_top|emu:emu|gen:gen|dpram:ramZ80|dpram_dif:ram	dpram_dif
0	|altsyncram:altsyncram_component|	0.0	0.0	0.0	0.0	65536	8	0	|sys_top|emu:emu|gen:gen|dpram:ramZ80|dpram_dif:ram|altsyncram:altsyncram_component	altsyncram
0	|altsyncram_rb34:auto_generated|	0.0	0.0	0.0	0.0	65536	8	0	|sys_top|emu:emu|gen:gen|dpram:ramZ80|dpram_dif:ram|altsyncram:altsyncram_component|altsyncram_rb34:auto_generated	altsyncram_rb34
0	|dpram:vram|	27.5	0.0	4.0	0.0	524288	64	0	|sys_top|emu:emu|gen:gen|dpram:vram	dpram
0	|dpram_dif:ram|	27.5	0.0	4.0	0.0	524288	64	0	|sys_top|emu:emu|gen:gen|dpram:vram|dpram_dif:ram	dpram_dif
0	|altsyncram:altsyncram_component|	27.5	0.0	4.0	0.0	524288	64	0	|sys_top|emu:emu|gen:gen|dpram:vram|dpram_dif:ram|altsyncram:altsyncram_component	altsyncram
0	|altsyncram_cf34:auto_generated|	27.5	1.0	4.0	4.0	524288	64	0	|sys_top|emu:emu|gen:gen|dpram:vram|dpram_dif:ram|altsyncram:altsyncram_component|altsyncram_cf34:auto_generated	altsyncram_cf34
0	|decode_dla:decode2|	3.8	3.8	0.0	0.0	0	0	0	|sys_top|emu:emu|gen:gen|dpram:vram|dpram_dif:ram|altsyncram:altsyncram_component|altsyncram_cf34:auto_generated|decode_dla:decode2	decode_dla
0	|decode_dla:decode3|	3.4	3.4	0.0	0.0	0	0	0	|sys_top|emu:emu|gen:gen|dpram:vram|dpram_dif:ram|altsyncram:altsyncram_component|altsyncram_cf34:auto_generated|decode_dla:decode3	decode_dla
0	|mux_tfb:mux4|	18.8	18.8	0.0	0.0	0	0	0	|sys_top|emu:emu|gen:gen|dpram:vram|dpram_dif:ram|altsyncram:altsyncram_component|altsyncram_cf34:auto_generated|mux_tfb:mux4	mux_tfb
0	|fx68k:M68K|	1969.4	125.3	1512.0	237.0	39584	6	0	|sys_top|emu:emu|gen:gen|fx68k:M68K	fx68k
0	|busArbiter:busArbiter|	12.2	12.2	10.0	10.0	0	0	0	|sys_top|emu:emu|gen:gen|fx68k:M68K|busArbiter:busArbiter	busArbiter
0	|busControl:busControl|	18.7	18.7	22.0	22.0	0	0	0	|sys_top|emu:emu|gen:gen|fx68k:M68K|busControl:busControl	busControl
0	|excUnit:excUnit|	1370.3	1127.3	1169.0	1017.0	0	0	0	|sys_top|emu:emu|gen:gen|fx68k:M68K|excUnit:excUnit	excUnit
0	|dataIo:dataIo|	21.1	21.1	55.0	55.0	0	0	0	|sys_top|emu:emu|gen:gen|fx68k:M68K|excUnit:excUnit|dataIo:dataIo	dataIo
0	|fx68kAlu:alu|	210.2	153.0	97.0	97.0	0	0	0	|sys_top|emu:emu|gen:gen|fx68k:M68K|excUnit:excUnit|fx68kAlu:alu	fx68kAlu
0	|aluCorf:aluCorf|	14.8	14.8	0.0	0.0	0	0	0	|sys_top|emu:emu|gen:gen|fx68k:M68K|excUnit:excUnit|fx68kAlu:alu|aluCorf:aluCorf	aluCorf
0	|aluGetOp:aluGetOp|	11.3	11.3	0.0	0.0	0	0	0	|sys_top|emu:emu|gen:gen|fx68k:M68K|excUnit:excUnit|fx68kAlu:alu|aluGetOp:aluGetOp	aluGetOp
0	|aluShifter:shifter|	3.3	3.3	0.0	0.0	0	0	0	|sys_top|emu:emu|gen:gen|fx68k:M68K|excUnit:excUnit|fx68kAlu:alu|aluShifter:shifter	aluShifter
0	|ccrTable:ccrTable|	5.7	5.7	0.0	0.0	0	0	0	|sys_top|emu:emu|gen:gen|fx68k:M68K|excUnit:excUnit|fx68kAlu:alu|ccrTable:ccrTable	ccrTable
0	|rowDecoder:rowDecoder|	21.4	21.4	0.0	0.0	0	0	0	|sys_top|emu:emu|gen:gen|fx68k:M68K|excUnit:excUnit|fx68kAlu:alu|rowDecoder:rowDecoder	rowDecoder
0	|onehotEncoder4:dcrDecoder|	4.0	4.0	0.0	0.0	0	0	0	|sys_top|emu:emu|gen:gen|fx68k:M68K|excUnit:excUnit|onehotEncoder4:dcrDecoder	onehotEncoder4
0	|pren:rmPren|	7.7	7.7	0.0	0.0	0	0	0	|sys_top|emu:emu|gen:gen|fx68k:M68K|excUnit:excUnit|pren:rmPren	pren
0	|irdDecode:irdDecode|	14.6	12.6	0.0	0.0	0	0	0	|sys_top|emu:emu|gen:gen|fx68k:M68K|irdDecode:irdDecode	irdDecode
0	|onehotEncoder4:irdLines|	1.5	1.5	0.0	0.0	0	0	0	|sys_top|emu:emu|gen:gen|fx68k:M68K|irdDecode:irdDecode|onehotEncoder4:irdLines	onehotEncoder4
0	|microToNanoAddr:microToNanoAddr|	4.5	4.5	0.0	0.0	0	0	0	|sys_top|emu:emu|gen:gen|fx68k:M68K|microToNanoAddr:microToNanoAddr	microToNanoAddr
0	|nDecoder3:nDecoder|	28.3	28.3	61.0	61.0	0	0	0	|sys_top|emu:emu|gen:gen|fx68k:M68K|nDecoder3:nDecoder	nDecoder3
0	|nanoRom:nanoRom|	0.0	0.0	0.0	0.0	22176	4	0	|sys_top|emu:emu|gen:gen|fx68k:M68K|nanoRom:nanoRom	nanoRom
0	|altsyncram:nRam_rtl_0|	0.0	0.0	0.0	0.0	22176	4	0	|sys_top|emu:emu|gen:gen|fx68k:M68K|nanoRom:nanoRom|altsyncram:nRam_rtl_0	altsyncram
0	|altsyncram_p2d1:auto_generated|	0.0	0.0	0.0	0.0	22176	4	0	|sys_top|emu:emu|gen:gen|fx68k:M68K|nanoRom:nanoRom|altsyncram:nRam_rtl_0|altsyncram_p2d1:auto_generated	altsyncram_p2d1
0	|sequencer:sequencer|	37.8	37.8	13.0	13.0	0	0	0	|sys_top|emu:emu|gen:gen|fx68k:M68K|sequencer:sequencer	sequencer
0	|uRom:uRom|	0.0	0.0	0.0	0.0	17408	2	0	|sys_top|emu:emu|gen:gen|fx68k:M68K|uRom:uRom	uRom
0	|altsyncram:uRam_rtl_0|	0.0	0.0	0.0	0.0	17408	2	0	|sys_top|emu:emu|gen:gen|fx68k:M68K|uRom:uRom|altsyncram:uRam_rtl_0	altsyncram
0	|altsyncram_bmc1:auto_generated|	0.0	0.0	0.0	0.0	17408	2	0	|sys_top|emu:emu|gen:gen|fx68k:M68K|uRom:uRom|altsyncram:uRam_rtl_0|altsyncram_bmc1:auto_generated	altsyncram_bmc1
0	|uaddrDecode:uaddrDecode|	357.0	4.8	0.0	0.0	0	0	0	|sys_top|emu:emu|gen:gen|fx68k:M68K|uaddrDecode:uaddrDecode	uaddrDecode
0	|onehotEncoder4:irLineDecod|	1.7	1.7	0.0	0.0	0	0	0	|sys_top|emu:emu|gen:gen|fx68k:M68K|uaddrDecode:uaddrDecode|onehotEncoder4:irLineDecod	onehotEncoder4
0	|pla_lined:pla_lined|	350.4	350.4	0.0	0.0	0	0	0	|sys_top|emu:emu|gen:gen|fx68k:M68K|uaddrDecode:uaddrDecode|pla_lined:pla_lined	pla_lined
0	|genesis_fm_lpf:fm_lpf_l|	55.3	0.0	60.0	0.0	0	0	3	|sys_top|emu:emu|gen:gen|genesis_fm_lpf:fm_lpf_l	genesis_fm_lpf
0	|iir_2nd_order:fm2|	55.3	55.3	60.0	60.0	0	0	3	|sys_top|emu:emu|gen:gen|genesis_fm_lpf:fm_lpf_l|iir_2nd_order:fm2	iir_2nd_order
0	|genesis_fm_lpf:fm_lpf_r|	56.7	0.0	61.0	0.0	0	0	3	|sys_top|emu:emu|gen:gen|genesis_fm_lpf:fm_lpf_r	genesis_fm_lpf
0	|iir_2nd_order:fm2|	56.7	56.7	61.0	61.0	0	0	3	|sys_top|emu:emu|gen:gen|genesis_fm_lpf:fm_lpf_r|iir_2nd_order:fm2	iir_2nd_order
0	|genesis_lpf:lpf_left|	47.2	8.7	43.0	0.0	0	0	2	|sys_top|emu:emu|gen:gen|genesis_lpf:lpf_left	genesis_lpf
0	|iir_1st_order:lpf6db|	38.3	38.3	43.0	43.0	0	0	2	|sys_top|emu:emu|gen:gen|genesis_lpf:lpf_left|iir_1st_order:lpf6db	iir_1st_order
0	|genesis_lpf:lpf_right|	46.7	7.6	45.0	0.0	0	0	2	|sys_top|emu:emu|gen:gen|genesis_lpf:lpf_right	genesis_lpf
0	|iir_1st_order:lpf6db|	39.2	39.2	45.0	45.0	0	0	2	|sys_top|emu:emu|gen:gen|genesis_lpf:lpf_right|iir_1st_order:lpf6db	iir_1st_order
0	|jt12:fm|	968.8	0.0	2946.0	0.0	5994	5	1	|sys_top|emu:emu|gen:gen|jt12:fm	jt12
0	|jt12_top:u_jt12|	968.8	41.2	2946.0	0.0	5994	5	1	|sys_top|emu:emu|gen:gen|jt12:fm|jt12_top:u_jt12	jt12_top
0	|jt12_acc:gen_pcm_acc.accumulator_block[0].u_acc|	29.3	17.4	49.0	25.0	0	0	0	|sys_top|emu:emu|gen:gen|jt12:fm|jt12_top:u_jt12|jt12_acc:gen_pcm_acc.accumulator_block[0].u_acc	jt12_acc
0	|jt12_single_acc:u_acc|	11.8	11.8	24.0	24.0	0	0	0	|sys_top|emu:emu|gen:gen|jt12:fm|jt12_top:u_jt12|jt12_acc:gen_pcm_acc.accumulator_block[0].u_acc|jt12_single_acc:u_acc	jt12_single_acc
0	|jt12_acc:gen_pcm_acc.accumulator_block[1].u_acc|	28.9	17.9	47.0	25.0	0	0	0	|sys_top|emu:emu|gen:gen|jt12:fm|jt12_top:u_jt12|jt12_acc:gen_pcm_acc.accumulator_block[1].u_acc	jt12_acc
0	|jt12_single_acc:u_acc|	11.0	11.0	22.0	22.0	0	0	0	|sys_top|emu:emu|gen:gen|jt12:fm|jt12_top:u_jt12|jt12_acc:gen_pcm_acc.accumulator_block[1].u_acc|jt12_single_acc:u_acc	jt12_single_acc
0	|jt12_acc:gen_pcm_acc.accumulator_block[2].u_acc|	29.6	18.1	48.0	25.0	0	0	0	|sys_top|emu:emu|gen:gen|jt12:fm|jt12_top:u_jt12|jt12_acc:gen_pcm_acc.accumulator_block[2].u_acc	jt12_acc
0	|jt12_single_acc:u_acc|	11.5	11.5	23.0	23.0	0	0	0	|sys_top|emu:emu|gen:gen|jt12:fm|jt12_top:u_jt12|jt12_acc:gen_pcm_acc.accumulator_block[2].u_acc|jt12_single_acc:u_acc	jt12_single_acc
0	|jt12_acc:gen_pcm_acc.accumulator_block[4].u_acc|	29.4	15.2	48.0	25.0	0	0	0	|sys_top|emu:emu|gen:gen|jt12:fm|jt12_top:u_jt12|jt12_acc:gen_pcm_acc.accumulator_block[4].u_acc	jt12_acc
0	|jt12_single_acc:u_acc|	11.3	11.3	23.0	23.0	0	0	0	|sys_top|emu:emu|gen:gen|jt12:fm|jt12_top:u_jt12|jt12_acc:gen_pcm_acc.accumulator_block[4].u_acc|jt12_single_acc:u_acc	jt12_single_acc
0	|jt12_acc:gen_pcm_acc.accumulator_block[5].u_acc|	28.5	17.2	47.0	25.0	0	0	0	|sys_top|emu:emu|gen:gen|jt12:fm|jt12_top:u_jt12|jt12_acc:gen_pcm_acc.accumulator_block[5].u_acc	jt12_acc
0	|jt12_single_acc:u_acc|	11.3	11.3	22.0	22.0	0	0	0	|sys_top|emu:emu|gen:gen|jt12:fm|jt12_top:u_jt12|jt12_acc:gen_pcm_acc.accumulator_block[5].u_acc|jt12_single_acc:u_acc	jt12_single_acc
0	|jt12_acc:gen_pcm_acc.accumulator_block[6].u_acc|	35.0	19.2	49.0	25.0	0	0	0	|sys_top|emu:emu|gen:gen|jt12:fm|jt12_top:u_jt12|jt12_acc:gen_pcm_acc.accumulator_block[6].u_acc	jt12_acc
0	|jt12_single_acc:u_acc|	15.8	15.8	24.0	24.0	0	0	0	|sys_top|emu:emu|gen:gen|jt12:fm|jt12_top:u_jt12|jt12_acc:gen_pcm_acc.accumulator_block[6].u_acc|jt12_single_acc:u_acc	jt12_single_acc
0	|jt12_dout:u_dout|	0.3	0.3	3.0	3.0	0	0	0	|sys_top|emu:emu|gen:gen|jt12:fm|jt12_top:u_jt12|jt12_dout:u_dout	jt12_dout
0	|jt12_eg:u_eg|	268.6	21.8	435.0	56.0	50	1	0	|sys_top|emu:emu|gen:gen|jt12:fm|jt12_top:u_jt12|jt12_eg:u_eg	jt12_eg
0	|altshift_taps:eg_V_rtl_0|	6.8	0.0	7.0	0.0	50	1	0	|sys_top|emu:emu|gen:gen|jt12:fm|jt12_top:u_jt12|jt12_eg:u_eg|altshift_taps:eg_V_rtl_0	altshift_taps
0	|shift_taps_tfv:auto_generated|	6.8	3.1	7.0	3.0	50	1	0	|sys_top|emu:emu|gen:gen|jt12:fm|jt12_top:u_jt12|jt12_eg:u_eg|altshift_taps:eg_V_rtl_0|shift_taps_tfv:auto_generated	shift_taps_tfv
0	|altsyncram_4r91:altsyncram5|	0.0	0.0	0.0	0.0	50	1	0	|sys_top|emu:emu|gen:gen|jt12:fm|jt12_top:u_jt12|jt12_eg:u_eg|altshift_taps:eg_V_rtl_0|shift_taps_tfv:auto_generated|altsyncram_4r91:altsyncram5	altsyncram_4r91
0	|cntr_rhf:cntr1|	3.8	3.8	4.0	4.0	0	0	0	|sys_top|emu:emu|gen:gen|jt12:fm|jt12_top:u_jt12|jt12_eg:u_eg|altshift_taps:eg_V_rtl_0|shift_taps_tfv:auto_generated|cntr_rhf:cntr1	cntr_rhf
0	|jt12_eg_cnt:u_egcnt|	9.1	9.1	18.0	18.0	0	0	0	|sys_top|emu:emu|gen:gen|jt12:fm|jt12_top:u_jt12|jt12_eg:u_eg|jt12_eg_cnt:u_egcnt	jt12_eg_cnt
0	|jt12_eg_comb:u_comb|	80.3	0.0	0.0	0.0	0	0	0	|sys_top|emu:emu|gen:gen|jt12:fm|jt12_top:u_jt12|jt12_eg:u_eg|jt12_eg_comb:u_comb	jt12_eg_comb
0	|jt12_eg_ctrl:u_ctrl|	9.8	9.8	0.0	0.0	0	0	0	|sys_top|emu:emu|gen:gen|jt12:fm|jt12_top:u_jt12|jt12_eg:u_eg|jt12_eg_comb:u_comb|jt12_eg_ctrl:u_ctrl	jt12_eg_ctrl
0	|jt12_eg_final:u_final|	20.4	20.4	0.0	0.0	0	0	0	|sys_top|emu:emu|gen:gen|jt12:fm|jt12_top:u_jt12|jt12_eg:u_eg|jt12_eg_comb:u_comb|jt12_eg_final:u_final	jt12_eg_final
0	|jt12_eg_pure:u_pure|	26.5	26.5	0.0	0.0	0	0	0	|sys_top|emu:emu|gen:gen|jt12:fm|jt12_top:u_jt12|jt12_eg:u_eg|jt12_eg_comb:u_comb|jt12_eg_pure:u_pure	jt12_eg_pure
0	|jt12_eg_step:u_step|	23.0	23.0	0.0	0.0	0	0	0	|sys_top|emu:emu|gen:gen|jt12:fm|jt12_top:u_jt12|jt12_eg:u_eg|jt12_eg_comb:u_comb|jt12_eg_step:u_step	jt12_eg_step
0	|jt12_sh:u_cntsh|	0.3	0.3	24.0	24.0	0	0	0	|sys_top|emu:emu|gen:gen|jt12:fm|jt12_top:u_jt12|jt12_eg:u_eg|jt12_sh:u_cntsh	jt12_sh
0	|jt12_sh_rst:u_egsh|	105.1	105.1	213.0	213.0	0	0	0	|sys_top|emu:emu|gen:gen|jt12:fm|jt12_top:u_jt12|jt12_eg:u_eg|jt12_sh_rst:u_egsh	jt12_sh_rst
0	|jt12_sh_rst:u_egstate|	38.5	38.5	72.0	72.0	0	0	0	|sys_top|emu:emu|gen:gen|jt12:fm|jt12_top:u_jt12|jt12_eg:u_eg|jt12_sh_rst:u_egstate	jt12_sh_rst
0	|jt12_sh_rst:u_konsh|	0.9	0.9	24.0	24.0	0	0	0	|sys_top|emu:emu|gen:gen|jt12:fm|jt12_top:u_jt12|jt12_eg:u_eg|jt12_sh_rst:u_konsh	jt12_sh_rst
0	|jt12_sh_rst:u_ssg_inv|	2.8	2.8	21.0	21.0	0	0	0	|sys_top|emu:emu|gen:gen|jt12:fm|jt12_top:u_jt12|jt12_eg:u_eg|jt12_sh_rst:u_ssg_inv	jt12_sh_rst
0	|jt12_lfo:gen_lfo.u_lfo|	10.3	10.3	16.0	16.0	0	0	0	|sys_top|emu:emu|gen:gen|jt12:fm|jt12_top:u_jt12|jt12_lfo:gen_lfo.u_lfo	jt12_lfo
0	|jt12_mmr:u_mmr|	167.8	42.7	1434.0	137.0	0	0	0	|sys_top|emu:emu|gen:gen|jt12:fm|jt12_top:u_jt12|jt12_mmr:u_mmr	jt12_mmr
0	|jt12_div:u_div|	13.0	13.0	27.0	27.0	0	0	0	|sys_top|emu:emu|gen:gen|jt12:fm|jt12_top:u_jt12|jt12_mmr:u_mmr|jt12_div:u_div	jt12_div
0	|jt12_reg:u_reg|	112.2	20.3	1270.0	14.0	0	0	0	|sys_top|emu:emu|gen:gen|jt12:fm|jt12_top:u_jt12|jt12_mmr:u_mmr|jt12_reg:u_reg	jt12_reg
0	|jt12_csr:u_csr0|	22.5	1.6	528.0	0.0	0	0	0	|sys_top|emu:emu|gen:gen|jt12:fm|jt12_top:u_jt12|jt12_mmr:u_mmr|jt12_reg:u_reg|jt12_csr:u_csr0	jt12_csr
0	|jt12_sh_rst:u_regch|	20.9	20.9	528.0	528.0	0	0	0	|sys_top|emu:emu|gen:gen|jt12:fm|jt12_top:u_jt12|jt12_mmr:u_mmr|jt12_reg:u_reg|jt12_csr:u_csr0|jt12_sh_rst:u_regch	jt12_sh_rst
0	|jt12_csr:u_csr1|	39.5	5.3	533.0	0.0	0	0	0	|sys_top|emu:emu|gen:gen|jt12:fm|jt12_top:u_jt12|jt12_mmr:u_mmr|jt12_reg:u_reg|jt12_csr:u_csr1	jt12_csr
0	|jt12_sh_rst:u_regch|	33.9	33.9	533.0	533.0	0	0	0	|sys_top|emu:emu|gen:gen|jt12:fm|jt12_top:u_jt12|jt12_mmr:u_mmr|jt12_reg:u_reg|jt12_csr:u_csr1|jt12_sh_rst:u_regch	jt12_sh_rst
0	|jt12_kon:u_kon|	6.7	4.7	31.0	7.0	0	0	0	|sys_top|emu:emu|gen:gen|jt12:fm|jt12_top:u_jt12|jt12_mmr:u_mmr|jt12_reg:u_reg|jt12_kon:u_kon	jt12_kon
0	|jt12_sh_rst:u_konch0|	0.5	0.5	6.0	6.0	0	0	0	|sys_top|emu:emu|gen:gen|jt12:fm|jt12_top:u_jt12|jt12_mmr:u_mmr|jt12_reg:u_reg|jt12_kon:u_kon|jt12_sh_rst:u_konch0	jt12_sh_rst
0	|jt12_sh_rst:u_konch1|	0.5	0.5	6.0	6.0	0	0	0	|sys_top|emu:emu|gen:gen|jt12:fm|jt12_top:u_jt12|jt12_mmr:u_mmr|jt12_reg:u_reg|jt12_kon:u_kon|jt12_sh_rst:u_konch1	jt12_sh_rst
0	|jt12_sh_rst:u_konch2|	0.5	0.5	6.0	6.0	0	0	0	|sys_top|emu:emu|gen:gen|jt12:fm|jt12_top:u_jt12|jt12_mmr:u_mmr|jt12_reg:u_reg|jt12_kon:u_kon|jt12_sh_rst:u_konch2	jt12_sh_rst
0	|jt12_sh_rst:u_konch3|	0.5	0.5	6.0	6.0	0	0	0	|sys_top|emu:emu|gen:gen|jt12:fm|jt12_top:u_jt12|jt12_mmr:u_mmr|jt12_reg:u_reg|jt12_kon:u_kon|jt12_sh_rst:u_konch3	jt12_sh_rst
0	|jt12_mod:u_mod|	0.7	0.7	0.0	0.0	0	0	0	|sys_top|emu:emu|gen:gen|jt12:fm|jt12_top:u_jt12|jt12_mmr:u_mmr|jt12_reg:u_reg|jt12_mod:u_mod	jt12_mod
0	|jt12_sh_rst:u_regch|	16.5	16.5	151.0	151.0	0	0	0	|sys_top|emu:emu|gen:gen|jt12:fm|jt12_top:u_jt12|jt12_mmr:u_mmr|jt12_reg:u_reg|jt12_sh_rst:u_regch	jt12_sh_rst
0	|jt12_sh_rst:u_regch_rl|	6.0	6.0	13.0	13.0	0	0	0	|sys_top|emu:emu|gen:gen|jt12:fm|jt12_top:u_jt12|jt12_mmr:u_mmr|jt12_reg:u_reg|jt12_sh_rst:u_regch_rl	jt12_sh_rst
0	|jt12_op:u_op|	107.0	100.3	71.0	64.0	5944	4	0	|sys_top|emu:emu|gen:gen|jt12:fm|jt12_top:u_jt12|jt12_op:u_op	jt12_op
0	|jt12_exprom:u_exprom|	0.0	0.0	0.0	0.0	2560	1	0	|sys_top|emu:emu|gen:gen|jt12:fm|jt12_top:u_jt12|jt12_op:u_op|jt12_exprom:u_exprom	jt12_exprom
0	|altsyncram:explut_jt51_rtl_0|	0.0	0.0	0.0	0.0	2560	1	0	|sys_top|emu:emu|gen:gen|jt12:fm|jt12_top:u_jt12|jt12_op:u_op|jt12_exprom:u_exprom|altsyncram:explut_jt51_rtl_0	altsyncram
0	|altsyncram_b8e1:auto_generated|	0.0	0.0	0.0	0.0	2560	1	0	|sys_top|emu:emu|gen:gen|jt12:fm|jt12_top:u_jt12|jt12_op:u_op|jt12_exprom:u_exprom|altsyncram:explut_jt51_rtl_0|altsyncram_b8e1:auto_generated	altsyncram_b8e1
0	|jt12_logsin:u_logsin|	0.0	0.0	0.0	0.0	3072	1	0	|sys_top|emu:emu|gen:gen|jt12:fm|jt12_top:u_jt12|jt12_op:u_op|jt12_logsin:u_logsin	jt12_logsin
0	|altsyncram:sinelut_rtl_0|	0.0	0.0	0.0	0.0	3072	1	0	|sys_top|emu:emu|gen:gen|jt12:fm|jt12_top:u_jt12|jt12_op:u_op|jt12_logsin:u_logsin|altsyncram:sinelut_rtl_0	altsyncram
0	|altsyncram_t6e1:auto_generated|	0.0	0.0	0.0	0.0	3072	1	0	|sys_top|emu:emu|gen:gen|jt12:fm|jt12_top:u_jt12|jt12_op:u_op|jt12_logsin:u_logsin|altsyncram:sinelut_rtl_0|altsyncram_t6e1:auto_generated	altsyncram_t6e1
0	|jt12_sh:phasemod_sh|	6.5	0.0	7.0	0.0	312	2	0	|sys_top|emu:emu|gen:gen|jt12:fm|jt12_top:u_jt12|jt12_op:u_op|jt12_sh:phasemod_sh	jt12_sh
0	|altshift_taps:bits_rtl_0|	6.5	0.0	7.0	0.0	312	2	0	|sys_top|emu:emu|gen:gen|jt12:fm|jt12_top:u_jt12|jt12_op:u_op|jt12_sh:phasemod_sh|altshift_taps:bits_rtl_0	altshift_taps
0	|shift_taps_4gv:auto_generated|	6.5	2.5	7.0	3.0	312	2	0	|sys_top|emu:emu|gen:gen|jt12:fm|jt12_top:u_jt12|jt12_op:u_op|jt12_sh:phasemod_sh|altshift_taps:bits_rtl_0|shift_taps_4gv:auto_generated	shift_taps_4gv
0	|altsyncram_ir91:altsyncram5|	0.0	0.0	0.0	0.0	312	2	0	|sys_top|emu:emu|gen:gen|jt12:fm|jt12_top:u_jt12|jt12_op:u_op|jt12_sh:phasemod_sh|altshift_taps:bits_rtl_0|shift_taps_4gv:auto_generated|altsyncram_ir91:altsyncram5	altsyncram_ir91
0	|cntr_shf:cntr1|	4.0	4.0	4.0	4.0	0	0	0	|sys_top|emu:emu|gen:gen|jt12:fm|jt12_top:u_jt12|jt12_op:u_op|jt12_sh:phasemod_sh|altshift_taps:bits_rtl_0|shift_taps_4gv:auto_generated|cntr_shf:cntr1	cntr_shf
0	|jt12_pcm_interpol:gen_pcm_acc.u_pcm|	72.2	54.3	103.0	68.0	0	0	0	|sys_top|emu:emu|gen:gen|jt12:fm|jt12_top:u_jt12|jt12_pcm_interpol:gen_pcm_acc.u_pcm	jt12_pcm_interpol
0	|jt10_adpcm_div:u_div|	17.8	17.8	35.0	35.0	0	0	0	|sys_top|emu:emu|gen:gen|jt12:fm|jt12_top:u_jt12|jt12_pcm_interpol:gen_pcm_acc.u_pcm|jt10_adpcm_div:u_div	jt10_adpcm_div
0	|jt12_pg:u_pg|	96.0	8.3	559.0	28.0	0	0	1	|sys_top|emu:emu|gen:gen|jt12:fm|jt12_top:u_jt12|jt12_pg:u_pg	jt12_pg
0	|jt12_pg_comb:u_comb|	69.6	0.0	0.0	0.0	0	0	1	|sys_top|emu:emu|gen:gen|jt12:fm|jt12_top:u_jt12|jt12_pg:u_pg|jt12_pg_comb:u_comb	jt12_pg_comb
0	|jt12_pg_dt:u_dt|	12.2	12.2	0.0	0.0	0	0	0	|sys_top|emu:emu|gen:gen|jt12:fm|jt12_top:u_jt12|jt12_pg:u_pg|jt12_pg_comb:u_comb|jt12_pg_dt:u_dt	jt12_pg_dt
0	|jt12_pg_inc:u_inc|	16.9	16.9	0.0	0.0	0	0	0	|sys_top|emu:emu|gen:gen|jt12:fm|jt12_top:u_jt12|jt12_pg:u_pg|jt12_pg_comb:u_comb|jt12_pg_inc:u_inc	jt12_pg_inc
0	|jt12_pg_sum:u_sum|	16.3	16.3	0.0	0.0	0	0	1	|sys_top|emu:emu|gen:gen|jt12:fm|jt12_top:u_jt12|jt12_pg:u_pg|jt12_pg_comb:u_comb|jt12_pg_sum:u_sum	jt12_pg_sum
0	|jt12_pm:u_pm|	24.1	24.1	0.0	0.0	0	0	0	|sys_top|emu:emu|gen:gen|jt12:fm|jt12_top:u_jt12|jt12_pg:u_pg|jt12_pg_comb:u_comb|jt12_pm:u_pm	jt12_pm
0	|jt12_sh_rst:u_pad|	4.8	4.8	61.0	61.0	0	0	0	|sys_top|emu:emu|gen:gen|jt12:fm|jt12_top:u_jt12|jt12_pg:u_pg|jt12_sh_rst:u_pad	jt12_sh_rst
0	|jt12_sh_rst:u_phsh|	9.1	9.1	470.0	470.0	0	0	0	|sys_top|emu:emu|gen:gen|jt12:fm|jt12_top:u_jt12|jt12_pg:u_pg|jt12_sh_rst:u_phsh	jt12_sh_rst
0	|jt12_rst:gen_pcm_acc.u_rst_pcm|	0.7	0.7	2.0	2.0	0	0	0	|sys_top|emu:emu|gen:gen|jt12:fm|jt12_top:u_jt12|jt12_rst:gen_pcm_acc.u_rst_pcm	jt12_rst
0	|jt12_timers:u_timers|	24.1	0.0	35.0	0.0	0	0	0	|sys_top|emu:emu|gen:gen|jt12:fm|jt12_top:u_jt12|jt12_timers:u_timers	jt12_timers
0	|jt12_timer:timer_A|	11.4	11.4	17.0	17.0	0	0	0	|sys_top|emu:emu|gen:gen|jt12:fm|jt12_top:u_jt12|jt12_timers:u_timers|jt12_timer:timer_A	jt12_timer
0	|jt12_timer:timer_B|	12.7	12.7	18.0	18.0	0	0	0	|sys_top|emu:emu|gen:gen|jt12:fm|jt12_top:u_jt12|jt12_timers:u_timers|jt12_timer:timer_B	jt12_timer
0	|jt12_genmix:genmix|	514.6	23.3	2089.0	38.0	0	0	0	|sys_top|emu:emu|gen:gen|jt12_genmix:genmix	jt12_genmix
0	|jt12_decim:u_psg2|	62.0	30.5	281.0	116.0	0	0	0	|sys_top|emu:emu|gen:gen|jt12_genmix:genmix|jt12_decim:u_psg2	jt12_decim
0	|jt12_comb:com_gen[0].u_comb|	10.5	10.5	57.0	57.0	0	0	0	|sys_top|emu:emu|gen:gen|jt12_genmix:genmix|jt12_decim:u_psg2|jt12_comb:com_gen[0].u_comb	jt12_comb
0	|jt12_comb:com_gen[1].u_comb|	10.5	10.5	58.0	58.0	0	0	0	|sys_top|emu:emu|gen:gen|jt12_genmix:genmix|jt12_decim:u_psg2|jt12_comb:com_gen[1].u_comb	jt12_comb
0	|jt12_comb:com_gen[2].u_comb|	10.5	10.5	50.0	50.0	0	0	0	|sys_top|emu:emu|gen:gen|jt12_genmix:genmix|jt12_decim:u_psg2|jt12_comb:com_gen[2].u_comb	jt12_comb
0	|jt12_decim:u_psg3|	17.8	9.3	79.0	52.0	0	0	0	|sys_top|emu:emu|gen:gen|jt12_genmix:genmix|jt12_decim:u_psg3	jt12_decim
0	|jt12_comb:com_gen[0].u_comb|	8.5	8.5	27.0	27.0	0	0	0	|sys_top|emu:emu|gen:gen|jt12_genmix:genmix|jt12_decim:u_psg3|jt12_comb:com_gen[0].u_comb	jt12_comb
0	|jt12_fm_uprate:u_left|	186.2	14.2	730.0	16.0	0	0	0	|sys_top|emu:emu|gen:gen|jt12_genmix:genmix|jt12_fm_uprate:u_left	jt12_fm_uprate
0	|jt12_interpol:u_fm2|	20.5	11.0	94.0	61.0	0	0	0	|sys_top|emu:emu|gen:gen|jt12_genmix:genmix|jt12_fm_uprate:u_left|jt12_interpol:u_fm2	jt12_interpol
0	|jt12_comb:comb_gen[0].u_comb|	9.5	9.5	33.0	33.0	0	0	0	|sys_top|emu:emu|gen:gen|jt12_genmix:genmix|jt12_fm_uprate:u_left|jt12_interpol:u_fm2|jt12_comb:comb_gen[0].u_comb	jt12_comb
0	|jt12_interpol:u_fm3|	61.2	31.2	228.0	123.0	0	0	0	|sys_top|emu:emu|gen:gen|jt12_genmix:genmix|jt12_fm_uprate:u_left|jt12_interpol:u_fm3	jt12_interpol
0	|jt12_comb:comb_gen[0].u_comb|	9.5	9.5	33.0	33.0	0	0	0	|sys_top|emu:emu|gen:gen|jt12_genmix:genmix|jt12_fm_uprate:u_left|jt12_interpol:u_fm3|jt12_comb:comb_gen[0].u_comb	jt12_comb
0	|jt12_comb:comb_gen[1].u_comb|	10.0	10.0	35.0	35.0	0	0	0	|sys_top|emu:emu|gen:gen|jt12_genmix:genmix|jt12_fm_uprate:u_left|jt12_interpol:u_fm3|jt12_comb:comb_gen[1].u_comb	jt12_comb
0	|jt12_comb:comb_gen[2].u_comb|	10.5	10.5	37.0	37.0	0	0	0	|sys_top|emu:emu|gen:gen|jt12_genmix:genmix|jt12_fm_uprate:u_left|jt12_interpol:u_fm3|jt12_comb:comb_gen[2].u_comb	jt12_comb
0	|jt12_interpol:u_fm4|	43.0	23.5	197.0	96.0	0	0	0	|sys_top|emu:emu|gen:gen|jt12_genmix:genmix|jt12_fm_uprate:u_left|jt12_interpol:u_fm4	jt12_interpol
0	|jt12_comb:comb_gen[0].u_comb|	9.5	9.5	49.0	49.0	0	0	0	|sys_top|emu:emu|gen:gen|jt12_genmix:genmix|jt12_fm_uprate:u_left|jt12_interpol:u_fm4|jt12_comb:comb_gen[0].u_comb	jt12_comb
0	|jt12_comb:comb_gen[1].u_comb|	10.0	10.0	52.0	52.0	0	0	0	|sys_top|emu:emu|gen:gen|jt12_genmix:genmix|jt12_fm_uprate:u_left|jt12_interpol:u_fm4|jt12_comb:comb_gen[1].u_comb	jt12_comb
0	|jt12_interpol:u_fm5|	47.3	27.8	195.0	94.0	0	0	0	|sys_top|emu:emu|gen:gen|jt12_genmix:genmix|jt12_fm_uprate:u_left|jt12_interpol:u_fm5	jt12_interpol
0	|jt12_comb:comb_gen[0].u_comb|	9.5	9.5	49.0	49.0	0	0	0	|sys_top|emu:emu|gen:gen|jt12_genmix:genmix|jt12_fm_uprate:u_left|jt12_interpol:u_fm5|jt12_comb:comb_gen[0].u_comb	jt12_comb
0	|jt12_comb:comb_gen[1].u_comb|	10.0	10.0	52.0	52.0	0	0	0	|sys_top|emu:emu|gen:gen|jt12_genmix:genmix|jt12_fm_uprate:u_left|jt12_interpol:u_fm5|jt12_comb:comb_gen[1].u_comb	jt12_comb
0	|jt12_fm_uprate:u_right|	186.5	14.8	757.0	16.0	0	0	0	|sys_top|emu:emu|gen:gen|jt12_genmix:genmix|jt12_fm_uprate:u_right	jt12_fm_uprate
0	|jt12_interpol:u_fm2|	20.3	10.8	101.0	68.0	0	0	0	|sys_top|emu:emu|gen:gen|jt12_genmix:genmix|jt12_fm_uprate:u_right|jt12_interpol:u_fm2	jt12_interpol
0	|jt12_comb:comb_gen[0].u_comb|	9.5	9.5	33.0	33.0	0	0	0	|sys_top|emu:emu|gen:gen|jt12_genmix:genmix|jt12_fm_uprate:u_right|jt12_interpol:u_fm2|jt12_comb:comb_gen[0].u_comb	jt12_comb
0	|jt12_interpol:u_fm3|	61.0	31.0	239.0	134.0	0	0	0	|sys_top|emu:emu|gen:gen|jt12_genmix:genmix|jt12_fm_uprate:u_right|jt12_interpol:u_fm3	jt12_interpol
0	|jt12_comb:comb_gen[0].u_comb|	9.5	9.5	33.0	33.0	0	0	0	|sys_top|emu:emu|gen:gen|jt12_genmix:genmix|jt12_fm_uprate:u_right|jt12_interpol:u_fm3|jt12_comb:comb_gen[0].u_comb	jt12_comb
0	|jt12_comb:comb_gen[1].u_comb|	10.0	10.0	35.0	35.0	0	0	0	|sys_top|emu:emu|gen:gen|jt12_genmix:genmix|jt12_fm_uprate:u_right|jt12_interpol:u_fm3|jt12_comb:comb_gen[1].u_comb	jt12_comb
0	|jt12_comb:comb_gen[2].u_comb|	10.5	10.5	37.0	37.0	0	0	0	|sys_top|emu:emu|gen:gen|jt12_genmix:genmix|jt12_fm_uprate:u_right|jt12_interpol:u_fm3|jt12_comb:comb_gen[2].u_comb	jt12_comb
0	|jt12_interpol:u_fm4|	43.0	23.5	200.0	99.0	0	0	0	|sys_top|emu:emu|gen:gen|jt12_genmix:genmix|jt12_fm_uprate:u_right|jt12_interpol:u_fm4	jt12_interpol
0	|jt12_comb:comb_gen[0].u_comb|	9.5	9.5	49.0	49.0	0	0	0	|sys_top|emu:emu|gen:gen|jt12_genmix:genmix|jt12_fm_uprate:u_right|jt12_interpol:u_fm4|jt12_comb:comb_gen[0].u_comb	jt12_comb
0	|jt12_comb:comb_gen[1].u_comb|	10.0	10.0	52.0	52.0	0	0	0	|sys_top|emu:emu|gen:gen|jt12_genmix:genmix|jt12_fm_uprate:u_right|jt12_interpol:u_fm4|jt12_comb:comb_gen[1].u_comb	jt12_comb
0	|jt12_interpol:u_fm5|	47.3	27.8	201.0	100.0	0	0	0	|sys_top|emu:emu|gen:gen|jt12_genmix:genmix|jt12_fm_uprate:u_right|jt12_interpol:u_fm5	jt12_interpol
0	|jt12_comb:comb_gen[0].u_comb|	9.5	9.5	49.0	49.0	0	0	0	|sys_top|emu:emu|gen:gen|jt12_genmix:genmix|jt12_fm_uprate:u_right|jt12_interpol:u_fm5|jt12_comb:comb_gen[0].u_comb	jt12_comb
0	|jt12_comb:comb_gen[1].u_comb|	10.0	10.0	52.0	52.0	0	0	0	|sys_top|emu:emu|gen:gen|jt12_genmix:genmix|jt12_fm_uprate:u_right|jt12_interpol:u_fm5|jt12_comb:comb_gen[1].u_comb	jt12_comb
0	|jt12_interpol:u_psg1|	38.8	21.5	204.0	87.0	0	0	0	|sys_top|emu:emu|gen:gen|jt12_genmix:genmix|jt12_interpol:u_psg1	jt12_interpol
0	|jt12_comb:comb_gen[0].u_comb|	9.8	9.8	56.0	56.0	0	0	0	|sys_top|emu:emu|gen:gen|jt12_genmix:genmix|jt12_interpol:u_psg1|jt12_comb:comb_gen[0].u_comb	jt12_comb
0	|jt12_comb:comb_gen[1].u_comb|	7.5	7.5	61.0	61.0	0	0	0	|sys_top|emu:emu|gen:gen|jt12_genmix:genmix|jt12_interpol:u_psg1|jt12_comb:comb_gen[1].u_comb	jt12_comb
0	|jt89:psg|	124.8	26.8	180.0	68.0	0	0	0	|sys_top|emu:emu|gen:gen|jt89:psg	jt89
0	|jt89_mixer:mix|	11.0	11.0	11.0	11.0	0	0	0	|sys_top|emu:emu|gen:gen|jt89:psg|jt89_mixer:mix	jt89_mixer
0	|jt89_noise:u_noise|	27.8	19.4	37.0	28.0	0	0	0	|sys_top|emu:emu|gen:gen|jt89:psg|jt89_noise:u_noise	jt89_noise
0	|jt89_vol:u_vol|	8.2	8.2	9.0	9.0	0	0	0	|sys_top|emu:emu|gen:gen|jt89:psg|jt89_noise:u_noise|jt89_vol:u_vol	jt89_vol
0	|jt89_tone:u_tone0|	21.3	14.0	22.0	13.0	0	0	0	|sys_top|emu:emu|gen:gen|jt89:psg|jt89_tone:u_tone0	jt89_tone
0	|jt89_vol:u_vol|	7.3	7.3	9.0	9.0	0	0	0	|sys_top|emu:emu|gen:gen|jt89:psg|jt89_tone:u_tone0|jt89_vol:u_vol	jt89_vol
0	|jt89_tone:u_tone1|	21.5	14.2	22.0	13.0	0	0	0	|sys_top|emu:emu|gen:gen|jt89:psg|jt89_tone:u_tone1	jt89_tone
0	|jt89_vol:u_vol|	7.3	7.3	9.0	9.0	0	0	0	|sys_top|emu:emu|gen:gen|jt89:psg|jt89_tone:u_tone1|jt89_vol:u_vol	jt89_vol
0	|jt89_tone:u_tone2|	16.3	9.0	20.0	11.0	0	0	0	|sys_top|emu:emu|gen:gen|jt89:psg|jt89_tone:u_tone2	jt89_tone
0	|jt89_vol:u_vol|	7.3	7.3	9.0	9.0	0	0	0	|sys_top|emu:emu|gen:gen|jt89:psg|jt89_tone:u_tone2|jt89_vol:u_vol	jt89_vol
0	|multitap:multitap|	360.5	2.7	430.0	0.0	0	0	0	|sys_top|emu:emu|gen:gen|multitap:multitap	multitap
0	|fourway:fourway|	87.9	8.4	116.0	9.0	0	0	0	|sys_top|emu:emu|gen:gen|multitap:multitap|fourway:fourway	fourway
0	|pad_io:pad1|	20.1	20.1	23.0	23.0	0	0	0	|sys_top|emu:emu|gen:gen|multitap:multitap|fourway:fourway|pad_io:pad1	pad_io
0	|pad_io:pad2|	20.2	20.2	30.0	30.0	0	0	0	|sys_top|emu:emu|gen:gen|multitap:multitap|fourway:fourway|pad_io:pad2	pad_io
0	|pad_io:pad3|	19.6	19.6	25.0	25.0	0	0	0	|sys_top|emu:emu|gen:gen|multitap:multitap|fourway:fourway|pad_io:pad3	pad_io
0	|pad_io:pad4|	19.6	19.6	29.0	29.0	0	0	0	|sys_top|emu:emu|gen:gen|multitap:multitap|fourway:fourway|pad_io:pad4	pad_io
0	|gen_io:io|	219.1	160.8	291.0	205.0	0	0	0	|sys_top|emu:emu|gen:gen|multitap:multitap|gen_io:io	gen_io
0	|gun_io:gun|	5.3	5.3	15.0	15.0	0	0	0	|sys_top|emu:emu|gen:gen|multitap:multitap|gen_io:io|gun_io:gun	gun_io
0	|pad_io:pad1|	24.3	24.3	33.0	33.0	0	0	0	|sys_top|emu:emu|gen:gen|multitap:multitap|gen_io:io|pad_io:pad1	pad_io
0	|pad_io:pad2|	28.3	28.3	38.0	38.0	0	0	0	|sys_top|emu:emu|gen:gen|multitap:multitap|gen_io:io|pad_io:pad2	pad_io
0	|teamplayer:teamplayer|	50.4	50.4	23.0	23.0	0	0	0	|sys_top|emu:emu|gen:gen|multitap:multitap|teamplayer:teamplayer	teamplayer
0	|hps_ext:hps_ext|	46.3	46.3	99.0	99.0	0	0	0	|sys_top|emu:emu|hps_ext:hps_ext	hps_ext
0	|hps_io:hps_io|	774.1	501.9	1172.0	540.0	0	0	0	|sys_top|emu:emu|hps_io:hps_io	hps_io
0	|video_calc:video_calc|	272.2	272.2	632.0	632.0	0	0	0	|sys_top|emu:emu|hps_io:hps_io|video_calc:video_calc	video_calc
0	|lightgun:lightgun|	139.3	139.3	158.0	158.0	0	0	0	|sys_top|emu:emu|lightgun:lightgun	lightgun
0	|pll:pll|	3.5	0.0	6.0	0.0	0	0	0	|sys_top|emu:emu|pll:pll	pll
0	|pll_0002:pll_inst|	3.5	0.0	6.0	0.0	0	0	0	|sys_top|emu:emu|pll:pll|pll_0002:pll_inst	pll_0002
0	|altera_pll:altera_pll_i|	3.5	0.0	6.0	0.0	0	0	0	|sys_top|emu:emu|pll:pll|pll_0002:pll_inst|altera_pll:altera_pll_i	altera_pll
0	|altera_cyclonev_pll:cyclonev_pll|	0.0	0.0	0.0	0.0	0	0	0	|sys_top|emu:emu|pll:pll|pll_0002:pll_inst|altera_pll:altera_pll_i|altera_cyclonev_pll:cyclonev_pll	altera_cyclonev_pll
0	|altera_cyclonev_pll_base:fpll_0|	0.0	0.0	0.0	0.0	0	0	0	|sys_top|emu:emu|pll:pll|pll_0002:pll_inst|altera_pll:altera_pll_i|altera_cyclonev_pll:cyclonev_pll|altera_cyclonev_pll_base:fpll_0	altera_cyclonev_pll_base
0	|dps_extra_kick:dps_extra_inst|	3.5	3.5	6.0	6.0	0	0	0	|sys_top|emu:emu|pll:pll|pll_0002:pll_inst|altera_pll:altera_pll_i|dps_extra_kick:dps_extra_inst	dps_extra_kick
0	|pll_cfg:pll_cfg|	673.5	0.0	403.0	0.0	0	0	0	|sys_top|emu:emu|pll_cfg:pll_cfg	pll_cfg
0	|altera_pll_reconfig_top:pll_cfg_inst|	673.5	0.0	403.0	0.0	0	0	0	|sys_top|emu:emu|pll_cfg:pll_cfg|altera_pll_reconfig_top:pll_cfg_inst	altera_pll_reconfig_top
0	|altera_pll_reconfig_core:NM28_reconfig.reconfig_core.altera_pll_reconfig_core_inst0|	673.5	634.8	403.0	361.0	0	0	0	|sys_top|emu:emu|pll_cfg:pll_cfg|altera_pll_reconfig_top:pll_cfg_inst|altera_pll_reconfig_core:NM28_reconfig.reconfig_core.altera_pll_reconfig_core_inst0	altera_pll_reconfig_core
0	|altera_std_synchronizer:altera_std_synchronizer_inst|	0.9	0.9	3.0	3.0	0	0	0	|sys_top|emu:emu|pll_cfg:pll_cfg|altera_pll_reconfig_top:pll_cfg_inst|altera_pll_reconfig_core:NM28_reconfig.reconfig_core.altera_pll_reconfig_core_inst0|altera_std_synchronizer:altera_std_synchronizer_inst	altera_std_synchronizer
0	|dprio_mux:dprio_mux_inst|	12.0	12.0	10.0	10.0	0	0	0	|sys_top|emu:emu|pll_cfg:pll_cfg|altera_pll_reconfig_top:pll_cfg_inst|altera_pll_reconfig_core:NM28_reconfig.reconfig_core.altera_pll_reconfig_core_inst0|dprio_mux:dprio_mux_inst	dprio_mux
0	|dyn_phase_shift:dyn_phase_shift_inst|	5.3	0.7	1.0	1.0	0	0	0	|sys_top|emu:emu|pll_cfg:pll_cfg|altera_pll_reconfig_top:pll_cfg_inst|altera_pll_reconfig_core:NM28_reconfig.reconfig_core.altera_pll_reconfig_core_inst0|dyn_phase_shift:dyn_phase_shift_inst	dyn_phase_shift
0	|generic_lcell_comb:lcell_cnt_sel_0|	0.7	0.7	0.0	0.0	0	0	0	|sys_top|emu:emu|pll_cfg:pll_cfg|altera_pll_reconfig_top:pll_cfg_inst|altera_pll_reconfig_core:NM28_reconfig.reconfig_core.altera_pll_reconfig_core_inst0|dyn_phase_shift:dyn_phase_shift_inst|generic_lcell_comb:lcell_cnt_sel_0	generic_lcell_comb
0	|generic_lcell_comb:lcell_cnt_sel_1|	1.0	1.0	0.0	0.0	0	0	0	|sys_top|emu:emu|pll_cfg:pll_cfg|altera_pll_reconfig_top:pll_cfg_inst|altera_pll_reconfig_core:NM28_reconfig.reconfig_core.altera_pll_reconfig_core_inst0|dyn_phase_shift:dyn_phase_shift_inst|generic_lcell_comb:lcell_cnt_sel_1	generic_lcell_comb
0	|generic_lcell_comb:lcell_cnt_sel_2|	1.0	1.0	0.0	0.0	0	0	0	|sys_top|emu:emu|pll_cfg:pll_cfg|altera_pll_reconfig_top:pll_cfg_inst|altera_pll_reconfig_core:NM28_reconfig.reconfig_core.altera_pll_reconfig_core_inst0|dyn_phase_shift:dyn_phase_shift_inst|generic_lcell_comb:lcell_cnt_sel_2	generic_lcell_comb
0	|generic_lcell_comb:lcell_cnt_sel_3|	1.0	1.0	0.0	0.0	0	0	0	|sys_top|emu:emu|pll_cfg:pll_cfg|altera_pll_reconfig_top:pll_cfg_inst|altera_pll_reconfig_core:NM28_reconfig.reconfig_core.altera_pll_reconfig_core_inst0|dyn_phase_shift:dyn_phase_shift_inst|generic_lcell_comb:lcell_cnt_sel_3	generic_lcell_comb
0	|generic_lcell_comb:lcell_cnt_sel_4|	1.0	1.0	0.0	0.0	0	0	0	|sys_top|emu:emu|pll_cfg:pll_cfg|altera_pll_reconfig_top:pll_cfg_inst|altera_pll_reconfig_core:NM28_reconfig.reconfig_core.altera_pll_reconfig_core_inst0|dyn_phase_shift:dyn_phase_shift_inst|generic_lcell_comb:lcell_cnt_sel_4	generic_lcell_comb
0	|fpll_dprio_init:fpll_dprio_init_inst|	6.3	6.3	13.0	13.0	0	0	0	|sys_top|emu:emu|pll_cfg:pll_cfg|altera_pll_reconfig_top:pll_cfg_inst|altera_pll_reconfig_core:NM28_reconfig.reconfig_core.altera_pll_reconfig_core_inst0|fpll_dprio_init:fpll_dprio_init_inst	fpll_dprio_init
0	|generic_lcell_comb:lcell_dprio_read|	1.0	1.0	0.0	0.0	0	0	0	|sys_top|emu:emu|pll_cfg:pll_cfg|altera_pll_reconfig_top:pll_cfg_inst|altera_pll_reconfig_core:NM28_reconfig.reconfig_core.altera_pll_reconfig_core_inst0|generic_lcell_comb:lcell_dprio_read	generic_lcell_comb
0	|generic_lcell_comb:lcell_fpll_0_1|	0.7	0.7	0.0	0.0	0	0	0	|sys_top|emu:emu|pll_cfg:pll_cfg|altera_pll_reconfig_top:pll_cfg_inst|altera_pll_reconfig_core:NM28_reconfig.reconfig_core.altera_pll_reconfig_core_inst0|generic_lcell_comb:lcell_fpll_0_1	generic_lcell_comb
0	|self_reset:self_reset_inst|	11.5	11.5	15.0	15.0	0	0	0	|sys_top|emu:emu|pll_cfg:pll_cfg|altera_pll_reconfig_top:pll_cfg_inst|altera_pll_reconfig_core:NM28_reconfig.reconfig_core.altera_pll_reconfig_core_inst0|self_reset:self_reset_inst	self_reset
0	|s32x_ddr:s32x_ddr|	466.8	466.8	808.0	808.0	8192	2	0	|sys_top|emu:emu|s32x_ddr:s32x_ddr	s32x_ddr
0	|altsyncram:linebuf_rtl_0|	0.0	0.0	0.0	0.0	8192	2	0	|sys_top|emu:emu|s32x_ddr:s32x_ddr|altsyncram:linebuf_rtl_0	altsyncram
0	|altsyncram_f6n1:auto_generated|	0.0	0.0	0.0	0.0	8192	2	0	|sys_top|emu:emu|s32x_ddr:s32x_ddr|altsyncram:linebuf_rtl_0|altsyncram_f6n1:auto_generated	altsyncram_f6n1
0	|sdram:sdram|	211.5	211.5	231.0	231.0	0	0	0	|sys_top|emu:emu|sdram:sdram	sdram
0	|altddio_out:sdramclk_ddr|	0.0	0.0	0.0	0.0	0	0	0	|sys_top|emu:emu|sdram:sdram|altddio_out:sdramclk_ddr	altddio_out
0	|ddio_out_b2j:auto_generated|	0.0	0.0	0.0	0.0	0	0	0	|sys_top|emu:emu|sdram:sdram|altddio_out:sdramclk_ddr|ddio_out_b2j:auto_generated	ddio_out_b2j
0	|video_freak:video_freak|	326.4	116.7	627.0	227.0	0	0	0	|sys_top|emu:emu|video_freak:video_freak	video_freak
0	|sys_umul:mul|	26.8	26.8	71.0	71.0	0	0	0	|sys_top|emu:emu|video_freak:video_freak|sys_umul:mul	sys_umul
0	|video_scale_int:scale|	182.9	128.6	329.0	179.0	0	0	0	|sys_top|emu:emu|video_freak:video_freak|video_scale_int:scale	video_scale_int
0	|sys_udiv:div|	26.8	26.8	73.0	73.0	0	0	0	|sys_top|emu:emu|video_freak:video_freak|video_scale_int:scale|sys_udiv:div	sys_udiv
0	|sys_umul:mul|	27.5	27.5	77.0	77.0	0	0	0	|sys_top|emu:emu|video_freak:video_freak|video_scale_int:scale|sys_umul:mul	sys_umul
0	|video_mixer:video_mixer|	806.3	23.4	1674.0	65.0	82944	15	0	|sys_top|emu:emu|video_mixer:video_mixer	video_mixer
0	|gamma_corr:gamma|	25.1	25.1	89.0	89.0	6144	1	0	|sys_top|emu:emu|video_mixer:video_mixer|gamma_corr:gamma	gamma_corr
0	|altsyncram:gamma_curve_rtl_0|	0.0	0.0	0.0	0.0	6144	1	0	|sys_top|emu:emu|video_mixer:video_mixer|gamma_corr:gamma|altsyncram:gamma_curve_rtl_0	altsyncram
0	|altsyncram_p9j1:auto_generated|	0.0	0.0	0.0	0.0	6144	1	0	|sys_top|emu:emu|video_mixer:video_mixer|gamma_corr:gamma|altsyncram:gamma_curve_rtl_0|altsyncram_p9j1:auto_generated	altsyncram_p9j1
0	|scandoubler:sd|	757.8	124.7	1520.0	286.0	76800	14	0	|sys_top|emu:emu|video_mixer:video_mixer|scandoubler:sd	scandoubler
0	|Hq2x:Hq2x|	633.1	239.3	1234.0	673.0	76800	14	0	|sys_top|emu:emu|video_mixer:video_mixer|scandoubler:sd|Hq2x:Hq2x	Hq2x
0	|Blend:blender|	329.1	296.4	561.0	561.0	0	0	0	|sys_top|emu:emu|video_mixer:video_mixer|scandoubler:sd|Hq2x:Hq2x|Blend:blender	Blend
0	|DiffCheck:diff_checker|	32.4	32.4	0.0	0.0	0	0	0	|sys_top|emu:emu|video_mixer:video_mixer|scandoubler:sd|Hq2x:Hq2x|Blend:blender|DiffCheck:diff_checker	DiffCheck
0	|DiffCheck:diffcheck0|	31.0	31.0	0.0	0.0	0	0	0	|sys_top|emu:emu|video_mixer:video_mixer|scandoubler:sd|Hq2x:Hq2x|DiffCheck:diffcheck0	DiffCheck
0	|DiffCheck:diffcheck1|	29.2	29.2	0.0	0.0	0	0	0	|sys_top|emu:emu|video_mixer:video_mixer|scandoubler:sd|Hq2x:Hq2x|DiffCheck:diffcheck1	DiffCheck
0	|hq2x_buf:hq2x_out|	0.0	0.0	0.0	0.0	61440	10	0	|sys_top|emu:emu|video_mixer:video_mixer|scandoubler:sd|Hq2x:Hq2x|hq2x_buf:hq2x_out	hq2x_buf
0	|altsyncram:ram_rtl_0|	0.0	0.0	0.0	0.0	61440	10	0	|sys_top|emu:emu|video_mixer:video_mixer|scandoubler:sd|Hq2x:Hq2x|hq2x_buf:hq2x_out|altsyncram:ram_rtl_0	altsyncram
0	|altsyncram_b9n1:auto_generated|	0.0	0.0	0.0	0.0	61440	10	0	|sys_top|emu:emu|video_mixer:video_mixer|scandoubler:sd|Hq2x:Hq2x|hq2x_buf:hq2x_out|altsyncram:ram_rtl_0|altsyncram_b9n1:auto_generated	altsyncram_b9n1
0	|hq2x_in:hq2x_in|	1.0	1.0	0.0	0.0	15360	4	0	|sys_top|emu:emu|video_mixer:video_mixer|scandoubler:sd|Hq2x:Hq2x|hq2x_in:hq2x_in	hq2x_in
0	|hq2x_buf:buf0|	0.0	0.0	0.0	0.0	7680	2	0	|sys_top|emu:emu|video_mixer:video_mixer|scandoubler:sd|Hq2x:Hq2x|hq2x_in:hq2x_in|hq2x_buf:buf0	hq2x_buf
0	|altsyncram:ram_rtl_0|	0.0	0.0	0.0	0.0	7680	2	0	|sys_top|emu:emu|video_mixer:video_mixer|scandoubler:sd|Hq2x:Hq2x|hq2x_in:hq2x_in|hq2x_buf:buf0|altsyncram:ram_rtl_0	altsyncram
0	|altsyncram_v5n1:auto_generated|	0.0	0.0	0.0	0.0	7680	2	0	|sys_top|emu:emu|video_mixer:video_mixer|scandoubler:sd|Hq2x:Hq2x|hq2x_in:hq2x_in|hq2x_buf:buf0|altsyncram:ram_rtl_0|altsyncram_v5n1:auto_generated	altsyncram_v5n1
0	|hq2x_buf:buf1|	0.0	0.0	0.0	0.0	7680	2	0	|sys_top|emu:emu|video_mixer:video_mixer|scandoubler:sd|Hq2x:Hq2x|hq2x_in:hq2x_in|hq2x_buf:buf1	hq2x_buf
0	|altsyncram:ram_rtl_0|	0.0	0.0	0.0	0.0	7680	2	0	|sys_top|emu:emu|video_mixer:video_mixer|scandoubler:sd|Hq2x:Hq2x|hq2x_in:hq2x_in|hq2x_buf:buf1|altsyncram:ram_rtl_0	altsyncram
0	|altsyncram_v5n1:auto_generated|	0.0	0.0	0.0	0.0	7680	2	0	|sys_top|emu:emu|video_mixer:video_mixer|scandoubler:sd|Hq2x:Hq2x|hq2x_in:hq2x_in|hq2x_buf:buf1|altsyncram:ram_rtl_0|altsyncram_v5n1:auto_generated	altsyncram_v5n1
0	|mcp23009:mcp23009|	98.0	29.5	114.0	47.0	0	0	0	|sys_top|mcp23009:mcp23009	mcp23009
0	|i2c:i2c|	68.5	68.5	67.0	67.0	0	0	0	|sys_top|mcp23009:mcp23009|i2c:i2c	i2c
0	|osd:hdmi_osd|	553.1	553.1	603.0	603.0	32768	4	0	|sys_top|osd:hdmi_osd	osd
0	|altsyncram:osd_buffer_rtl_0|	0.0	0.0	0.0	0.0	32768	4	0	|sys_top|osd:hdmi_osd|altsyncram:osd_buffer_rtl_0	altsyncram
0	|altsyncram_96k1:auto_generated|	0.0	0.0	0.0	0.0	32768	4	0	|sys_top|osd:hdmi_osd|altsyncram:osd_buffer_rtl_0|altsyncram_96k1:auto_generated	altsyncram_96k1
0	|osd:vga_osd|	504.3	504.3	618.0	618.0	32768	4	0	|sys_top|osd:vga_osd	osd
0	|altsyncram:osd_buffer_rtl_0|	0.0	0.0	0.0	0.0	32768	4	0	|sys_top|osd:vga_osd|altsyncram:osd_buffer_rtl_0	altsyncram
0	|altsyncram_96k1:auto_generated|	0.0	0.0	0.0	0.0	32768	4	0	|sys_top|osd:vga_osd|altsyncram:osd_buffer_rtl_0|altsyncram_96k1:auto_generated	altsyncram_96k1
0	|pll_audio:pll_audio|	0.0	0.0	0.0	0.0	0	0	0	|sys_top|pll_audio:pll_audio	pll_audio
0	|pll_audio_0002:pll_audio_inst|	0.0	0.0	0.0	0.0	0	0	0	|sys_top|pll_audio:pll_audio|pll_audio_0002:pll_audio_inst	pll_audio_0002
0	|altera_pll:altera_pll_i|	0.0	0.0	0.0	0.0	0	0	0	|sys_top|pll_audio:pll_audio|pll_audio_0002:pll_audio_inst|altera_pll:altera_pll_i	altera_pll
0	|pll_cfg_hdmi:pll_cfg_hdmi|	212.6	156.3	194.0	163.0	0	0	0	|sys_top|pll_cfg_hdmi:pll_cfg_hdmi	pll_cfg_hdmi
0	|altera_std_synchronizer:altera_std_synchronizer_inst|	1.0	1.0	3.0	3.0	0	0	0	|sys_top|pll_cfg_hdmi:pll_cfg_hdmi|altera_std_synchronizer:altera_std_synchronizer_inst	altera_std_synchronizer
0	|dprio_mux:dprio_mux_inst|	29.7	29.7	0.0	0.0	0	0	0	|sys_top|pll_cfg_hdmi:pll_cfg_hdmi|dprio_mux:dprio_mux_inst	dprio_mux
0	|dyn_phase_shift:dyn_phase_shift_inst|	5.8	0.8	1.0	1.0	0	0	0	|sys_top|pll_cfg_hdmi:pll_cfg_hdmi|dyn_phase_shift:dyn_phase_shift_inst	dyn_phase_shift
0	|generic_lcell_comb:lcell_cnt_sel_0|	1.0	1.0	0.0	0.0	0	0	0	|sys_top|pll_cfg_hdmi:pll_cfg_hdmi|dyn_phase_shift:dyn_phase_shift_inst|generic_lcell_comb:lcell_cnt_sel_0	generic_lcell_comb
0	|generic_lcell_comb:lcell_cnt_sel_1|	1.0	1.0	0.0	0.0	0	0	0	|sys_top|pll_cfg_hdmi:pll_cfg_hdmi|dyn_phase_shift:dyn_phase_shift_inst|generic_lcell_comb:lcell_cnt_sel_1	generic_lcell_comb
0	|generic_lcell_comb:lcell_cnt_sel_2|	0.7	0.7	0.0	0.0	0	0	0	|sys_top|pll_cfg_hdmi:pll_cfg_hdmi|dyn_phase_shift:dyn_phase_shift_inst|generic_lcell_comb:lcell_cnt_sel_2	generic_lcell_comb
0	|generic_lcell_comb:lcell_cnt_sel_3|	1.0	1.0	0.0	0.0	0	0	0	|sys_top|pll_cfg_hdmi:pll_cfg_hdmi|dyn_phase_shift:dyn_phase_shift_inst|generic_lcell_comb:lcell_cnt_sel_3	generic_lcell_comb
0	|generic_lcell_comb:lcell_cnt_sel_4|	1.0	1.0	0.0	0.0	0	0	0	|sys_top|pll_cfg_hdmi:pll_cfg_hdmi|dyn_phase_shift:dyn_phase_shift_inst|generic_lcell_comb:lcell_cnt_sel_4	generic_lcell_comb
0	|fpll_dprio_init:fpll_dprio_init_inst|	6.3	6.3	15.0	15.0	0	0	0	|sys_top|pll_cfg_hdmi:pll_cfg_hdmi|fpll_dprio_init:fpll_dprio_init_inst	fpll_dprio_init
0	|generic_lcell_comb:lcell_dprio_read|	1.0	1.0	0.0	0.0	0	0	0	|sys_top|pll_cfg_hdmi:pll_cfg_hdmi|generic_lcell_comb:lcell_dprio_read	generic_lcell_comb
0	|generic_lcell_comb:lcell_fpll_0_1|	1.5	1.5	0.0	0.0	0	0	0	|sys_top|pll_cfg_hdmi:pll_cfg_hdmi|generic_lcell_comb:lcell_fpll_0_1	generic_lcell_comb
0	|self_reset:self_reset_inst|	10.8	10.8	12.0	12.0	0	0	0	|sys_top|pll_cfg_hdmi:pll_cfg_hdmi|self_reset:self_reset_inst	self_reset
0	|pll_hdmi:pll_hdmi|	3.7	0.0	6.0	0.0	0	0	0	|sys_top|pll_hdmi:pll_hdmi	pll_hdmi
0	|pll_hdmi_0002:pll_hdmi_inst|	3.7	0.0	6.0	0.0	0	0	0	|sys_top|pll_hdmi:pll_hdmi|pll_hdmi_0002:pll_hdmi_inst	pll_hdmi_0002
0	|altera_pll:altera_pll_i|	3.7	0.0	6.0	0.0	0	0	0	|sys_top|pll_hdmi:pll_hdmi|pll_hdmi_0002:pll_hdmi_inst|altera_pll:altera_pll_i	altera_pll
0	|altera_cyclonev_pll:cyclonev_pll|	0.0	0.0	0.0	0.0	0	0	0	|sys_top|pll_hdmi:pll_hdmi|pll_hdmi_0002:pll_hdmi_inst|altera_pll:altera_pll_i|altera_cyclonev_pll:cyclonev_pll	altera_cyclonev_pll
0	|altera_cyclonev_pll_base:fpll_0|	0.0	0.0	0.0	0.0	0	0	0	|sys_top|pll_hdmi:pll_hdmi|pll_hdmi_0002:pll_hdmi_inst|altera_pll:altera_pll_i|altera_cyclonev_pll:cyclonev_pll|altera_cyclonev_pll_base:fpll_0	altera_cyclonev_pll_base
0	|dps_extra_kick:dps_extra_inst|	3.7	3.7	6.0	6.0	0	0	0	|sys_top|pll_hdmi:pll_hdmi|pll_hdmi_0002:pll_hdmi_inst|altera_pll:altera_pll_i|dps_extra_kick:dps_extra_inst	dps_extra_kick
0	|pll_hdmi_adj:pll_hdmi_adj|	534.0	534.0	505.0	505.0	0	0	0	|sys_top|pll_hdmi_adj:pll_hdmi_adj	pll_hdmi_adj
0	|scanlines:VGA_scanlines|	28.3	28.3	8.0	8.0	0	0	0	|sys_top|scanlines:VGA_scanlines	scanlines
0	|shadowmask:HDMI_shadowmask|	133.4	130.4	254.0	250.0	3140	4	0	|sys_top|shadowmask:HDMI_shadowmask	shadowmask
0	|altshift_taps:vid_rtl_0|	2.8	0.0	4.0	0.0	324	3	0	|sys_top|shadowmask:HDMI_shadowmask|altshift_taps:vid_rtl_0	altshift_taps
0	|shift_taps_nuu:auto_generated|	2.8	1.8	4.0	2.0	324	3	0	|sys_top|shadowmask:HDMI_shadowmask|altshift_taps:vid_rtl_0|shift_taps_nuu:auto_generated	shift_taps_nuu
0	|altsyncram_gr91:altsyncram4|	0.0	0.0	0.0	0.0	324	3	0	|sys_top|shadowmask:HDMI_shadowmask|altshift_taps:vid_rtl_0|shift_taps_nuu:auto_generated|altsyncram_gr91:altsyncram4	altsyncram_gr91
0	|cntr_phf:cntr1|	1.0	1.0	2.0	2.0	0	0	0	|sys_top|shadowmask:HDMI_shadowmask|altshift_taps:vid_rtl_0|shift_taps_nuu:auto_generated|cntr_phf:cntr1	cntr_phf
0	|altsyncram:mask_lut_rtl_0|	0.0	0.0	0.0	0.0	2816	1	0	|sys_top|shadowmask:HDMI_shadowmask|altsyncram:mask_lut_rtl_0	altsyncram
0	|altsyncram_b9j1:auto_generated|	0.0	0.0	0.0	0.0	2816	1	0	|sys_top|shadowmask:HDMI_shadowmask|altsyncram:mask_lut_rtl_0|altsyncram_b9j1:auto_generated	altsyncram_b9j1
0	|sld_hub:auto_hub|	103.8	0.5	138.0	0.0	0	0	0	|sys_top|sld_hub:auto_hub	sld_hub
0	|alt_sld_fab_with_jtag_input:\instrumentation_fabric_with_node_gen:fabric_gen_new_way:with_jtag_input_gen:instrumentation_fabric|	103.3	0.0	138.0	0.0	0	0	0	|sys_top|sld_hub:auto_hub|alt_sld_fab_with_jtag_input:\instrumentation_fabric_with_node_gen:fabric_gen_new_way:with_jtag_input_gen:instrumentation_fabric	alt_sld_fab_with_jtag_input
0	|alt_sld_fab:instrumentation_fabric|	103.3	0.0	138.0	0.0	0	0	0	|sys_top|sld_hub:auto_hub|alt_sld_fab_with_jtag_input:\instrumentation_fabric_with_node_gen:fabric_gen_new_way:with_jtag_input_gen:instrumentation_fabric|alt_sld_fab:instrumentation_fabric	alt_sld_fab
0	|alt_sld_fab_alt_sld_fab:alt_sld_fab|	103.3	2.4	138.0	7.0	0	0	0	|sys_top|sld_hub:auto_hub|alt_sld_fab_with_jtag_input:\instrumentation_fabric_with_node_gen:fabric_gen_new_way:with_jtag_input_gen:instrumentation_fabric|alt_sld_fab:instrumentation_fabric|alt_sld_fab_alt_sld_fab:alt_sld_fab	alt_sld_fab_alt_sld_fab
0	|alt_sld_fab_alt_sld_fab_sldfabric:sldfabric|	100.9	0.0	131.0	0.0	0	0	0	|sys_top|sld_hub:auto_hub|alt_sld_fab_with_jtag_input:\instrumentation_fabric_with_node_gen:fabric_gen_new_way:with_jtag_input_gen:instrumentation_fabric|alt_sld_fab:instrumentation_fabric|alt_sld_fab_alt_sld_fab:alt_sld_fab|alt_sld_fab_alt_sld_fab_sldfabric:sldfabric	alt_sld_fab_alt_sld_fab_sldfabric
0	|sld_jtag_hub:\jtag_hub_gen:real_sld_jtag_hub|	100.9	77.7	131.0	101.0	0	0	0	|sys_top|sld_hub:auto_hub|alt_sld_fab_with_jtag_input:\instrumentation_fabric_with_node_gen:fabric_gen_new_way:with_jtag_input_gen:instrumentation_fabric|alt_sld_fab:instrumentation_fabric|alt_sld_fab_alt_sld_fab:alt_sld_fab|alt_sld_fab_alt_sld_fab_sldfabric:sldfabric|sld_jtag_hub:\jtag_hub_gen:real_sld_jtag_hub	sld_jtag_hub
0	|sld_rom_sr:hub_info_reg|	11.5	11.5	11.0	11.0	0	0	0	|sys_top|sld_hub:auto_hub|alt_sld_fab_with_jtag_input:\instrumentation_fabric_with_node_gen:fabric_gen_new_way:with_jtag_input_gen:instrumentation_fabric|alt_sld_fab:instrumentation_fabric|alt_sld_fab_alt_sld_fab:alt_sld_fab|alt_sld_fab_alt_sld_fab_sldfabric:sldfabric|sld_jtag_hub:\jtag_hub_gen:real_sld_jtag_hub|sld_rom_sr:hub_info_reg	sld_rom_sr
0	|sld_shadow_jsm:shadow_jsm|	11.7	11.7	19.0	19.0	0	0	0	|sys_top|sld_hub:auto_hub|alt_sld_fab_with_jtag_input:\instrumentation_fabric_with_node_gen:fabric_gen_new_way:with_jtag_input_gen:instrumentation_fabric|alt_sld_fab:instrumentation_fabric|alt_sld_fab_alt_sld_fab:alt_sld_fab|alt_sld_fab_alt_sld_fab_sldfabric:sldfabric|sld_jtag_hub:\jtag_hub_gen:real_sld_jtag_hub|sld_shadow_jsm:shadow_jsm	sld_shadow_jsm
0	|sync_fix:sync_h|	17.5	17.5	36.0	36.0	0	0	0	|sys_top|sync_fix:sync_h	sync_fix
0	|sync_fix:sync_v|	17.2	17.2	35.0	35.0	0	0	0	|sys_top|sync_fix:sync_v	sync_fix
0	|sys_umuldiv:ar_muldiv|	51.3	0.3	136.0	0.0	0	0	0	|sys_top|sys_umuldiv:ar_muldiv	sys_umuldiv
0	|sys_udiv:udiv|	24.3	24.3	59.0	59.0	0	0	0	|sys_top|sys_umuldiv:ar_muldiv|sys_udiv:udiv	sys_udiv
0	|sys_umul:umul|	26.7	26.7	77.0	77.0	0	0	0	|sys_top|sys_umuldiv:ar_muldiv|sys_umul:umul	sys_umul
0	|sysmem_lite:sysmem|	169.8	22.8	235.0	40.0	0	0	0	|sys_top|sysmem_lite:sysmem	sysmem_lite
0	|f2sdram_safe_terminator:f2sdram_safe_terminator_ram1|	68.8	68.8	75.0	75.0	0	0	0	|sys_top|sysmem_lite:sysmem|f2sdram_safe_terminator:f2sdram_safe_terminator_ram1	f2sdram_safe_terminator
0	|f2sdram_safe_terminator:f2sdram_safe_terminator_ram2|	18.5	18.5	36.0	36.0	0	0	0	|sys_top|sysmem_lite:sysmem|f2sdram_safe_terminator:f2sdram_safe_terminator_ram2	f2sdram_safe_terminator
0	|f2sdram_safe_terminator:f2sdram_safe_terminator_vbuf|	58.1	58.1	84.0	84.0	0	0	0	|sys_top|sysmem_lite:sysmem|f2sdram_safe_terminator:f2sdram_safe_terminator_vbuf	f2sdram_safe_terminator
0	|sysmem_HPS_fpga_interfaces:fpga_interfaces|	1.0	1.0	0.0	0.0	0	0	0	|sys_top|sysmem_lite:sysmem|sysmem_HPS_fpga_interfaces:fpga_interfaces	sysmem_HPS_fpga_interfaces
0	|vga_out:vga_out|	122.1	122.1	211.0	211.0	0	0	0	|sys_top|vga_out:vga_out	vga_out
0	|vga_out:vga_scaler_out|	160.8	157.0	212.0	207.0	93	1	0	|sys_top|vga_out:vga_scaler_out	vga_out
0	|altshift_taps:din1_rtl_0|	3.8	0.0	5.0	0.0	93	1	0	|sys_top|vga_out:vga_scaler_out|altshift_taps:din1_rtl_0	altshift_taps
0	|shift_taps_huu:auto_generated|	3.8	1.3	5.0	2.0	93	1	0	|sys_top|vga_out:vga_scaler_out|altshift_taps:din1_rtl_0|shift_taps_huu:auto_generated	shift_taps_huu
0	|altsyncram_5r91:altsyncram4|	0.0	0.0	0.0	0.0	93	1	0	|sys_top|vga_out:vga_scaler_out|altshift_taps:din1_rtl_0|shift_taps_huu:auto_generated|altsyncram_5r91:altsyncram4	altsyncram_5r91
0	|cntr_ohf:cntr1|	2.5	2.5	3.0	3.0	0	0	0	|sys_top|vga_out:vga_scaler_out|altshift_taps:din1_rtl_0|shift_taps_huu:auto_generated|cntr_ohf:cntr1	cntr_ohf
0	|yc_out:yc_out|	255.9	248.9	309.0	301.0	60	1	2	|sys_top|yc_out:yc_out	yc_out
0	|altshift_taps:phase[1].y_rtl_0|	7.0	0.0	8.0	0.0	60	1	0	|sys_top|yc_out:yc_out|altshift_taps:phase[1].y_rtl_0	altshift_taps
0	|shift_taps_iuu:auto_generated|	7.0	3.3	8.0	3.0	60	1	0	|sys_top|yc_out:yc_out|altshift_taps:phase[1].y_rtl_0|shift_taps_iuu:auto_generated	shift_taps_iuu
0	|altsyncram_8r91:altsyncram5|	0.0	0.0	0.0	0.0	60	1	0	|sys_top|yc_out:yc_out|altshift_taps:phase[1].y_rtl_0|shift_taps_iuu:auto_generated|altsyncram_8r91:altsyncram5	altsyncram_8r91
0	|cntr_rhf:cntr1|	3.8	3.8	5.0	5.0	0	0	0	|sys_top|yc_out:yc_out|altshift_taps:phase[1].y_rtl_0|shift_taps_iuu:auto_generated|cntr_rhf:cntr1	cntr_rhf
